approve,decision,category,confidence,Year,Reference,Sample_type,Platform,Platform_class,Study_population,N_proteins,N_samples,N_cis_pQTL,N_trans_pQTL,N_pQTL_total,PMID,DOI,PubMed_url,DOI_url,journal,snippet,notes,overlap_flag
,keep,primary_pgwas,high,2026,"Soremekun et al., Nat Genet 2026",Plasma,"SomaScan (2,873 proteins)",Aptamer (SomaScan),Ugandan population (continental African ancestry); T2D/prediabetes + normoglycemic controls,2873,525,346,53,399 independent associations,41507467,10.1038/s41588-025-02421-w,https://pubmed.ncbi.nlm.nih.gov/41507467/,https://doi.org/10.1038/s41588-025-02421-w,Nature genetics,We link genome-wide data to protein expression levels and construct a protein quantitative trait locus (pQTL) map for this population. We identify 399 independent associations with 346 (86.7%) cis-pQTLs and 53 (13.3%) trans-pQTLs.,De-novo proteomic measurement in a continental-African cohort + first pQTL map; downstream coloc/causal analysis is secondary.,
,keep,primary_pgwas,high,2026,"Bjarnadottir et al., bioRxiv 2026",Serum,"SomaScan (7,596 proteins / SOMAmers)",Aptamer (SomaScan),"Icelanders (deCODE), N=5,291",7596,5291,"independent cis-pQTLs for 2,166 SOMAmers",,,,10.64898/2026.03.17.712047,,https://doi.org/10.64898/2026.03.17.712047,"{'publisher': 'bioRxiv', 'yearOfPublication': 2026}","we integrated serum measurements of 7,596 proteins with genomic data, including LF variants (minor allele frequency [MAF] 0.1-1%), in 5,291 Icelanders to identify independent cis-pQTLs for 2,166 SOMAmers.",De-novo SomaScan serum measurement + cis-pQTL discovery focused on low-frequency variants; preprint.,
,keep,primary_pgwas,high,2025,"Cai et al., Genome Biol 2025",Plasma,Olink,PEA (Olink),"Women's Health Initiative + Framingham Heart Study (1033 African American, 1764 non-Hispanic White); replication in Jackson Heart Study (534 AA)",1245,2797 (1033 AA + 1764 NHW),4496,602,5103,40640959,10.1186/s13059-025-03671-x,https://pubmed.ncbi.nlm.nih.gov/40640959/,https://doi.org/10.1186/s13059-025-03671-x,Genome biology,We conduct an Olink protein quantitative trait locus (pQTL) analysis on 1245 proteins involving 1033 self-identified African American (AA) and 1764 non-Hispanic White (NHW) participants from the Women's Health Initiative and Framingham Heart Study.,"De-novo Olink pQTL discovery in diverse ancestries; 195 previously unreported pQTLs, mostly African-ancestry-specific. UKB-PPP used only for replication. Check overlap with prior FHS Olink pQTL work.",
,keep,primary_pgwas,high,2025,"Stinson et al., Am J Hum Genet 2025",Plasma,Olink Target 96 (Inflammation + Cardiovascular II),PEA (Olink),"3,707 Greenlandic Inuit (isolated Arctic population)",177,3707,85,144,251 primary (235 additive + 16 recessive) + 48 secondary,41232531,10.1016/j.ajhg.2025.10.013,https://pubmed.ncbi.nlm.nih.gov/41232531/,https://doi.org/10.1016/j.ajhg.2025.10.013,American journal of human genetics,"We analyzed genotypes and plasma proteomics data (Olink Target 96 Inflammation and Cardiovascular II panels) from 3,707 Greenlandic individuals ... Among 177 proteins, we identified 251 primary pQTLs.",Clean de-novo pQTL discovery in an underrepresented population; novel cis-pQTL for IL-6 reported.,
,keep,primary_pgwas,high,2025,"Suhre et al., Nat Genet 2025",Plasma,Proteograph (Seer) nanoparticle enrichment MS,Mass spec,Two cohorts (blood plasma),NR,NR,,,,41310232,10.1038/s41588-025-02413-w,https://pubmed.ncbi.nlm.nih.gov/41310232/,https://doi.org/10.1038/s41588-025-02413-w,Nature genetics,"Using the Seer Proteograph nanoparticle enrichment MS platform, we identified and replicated new pQTLs in a genome-wide association study of proteins in blood plasma samples from two cohorts.",De-novo MS proteomics + new genome-wide pQTL discovery and replication; also evaluates affinity-platform pQTLs but has primary scan. · folds preprint/twin: 10.1101/2024.05.27.596028,
,keep,primary_pgwas,high,2025,"Wang et al., Nat Commun 2025",Plasma,Olink Explore + SomaScan,Multi-platform,3976 Chinese adults (China Kadoorie Biobank),2168,3976,765 Olink + 513 SomaScan proteins with cis-pQTLs,,,39984443,10.1038/s41467-025-56935-2,https://pubmed.ncbi.nlm.nih.gov/39984443/,https://doi.org/10.1038/s41467-025-56935-2,Nature communications,"We measured plasma levels of 2168 proteins in 3976 Chinese adults using both Olink Explore and SomaScan platforms ... 765 Olink and 513 SomaScan proteins had cis-pQTLs, including 400 with colocalising cis-pQTLs.",De-novo measurement on both platforms in Chinese cohort with own cis-pQTL discovery; cross-platform comparison. · folds preprint/twin: 10.1101/2023.12.01.23299236,
,keep,primary_pgwas,high,2025,"Yang et al., Nat Commun 2025",Plasma,NR (proteomics platform not stated in abstract),Other,>2300 European + >400 African ancestry,NR,>2700 (>2300 EUR + >400 AFR),NR,NR,3802 (954 AFR + 2848 EUR pQTLs),40789849,10.1038/s41467-025-62463-w,https://pubmed.ncbi.nlm.nih.gov/40789849/,https://doi.org/10.1038/s41467-025-62463-w,Nature communications,"we generated and integrated plasma proteomics and metabolomics with the genotype datasets of over 2300 European (EUR) and 400 African (AFR) ancestries... we mapped 954 AFR pQTLs, 2848 EUR pQTLs.",De-novo plasma proteomics + ancestry-specific pQTL discovery; also mQTLs and downstream INTACT/coloc for T2D. Platform not named in abstract.,
,keep,primary_pgwas,high,2025,"Wingo et al., Nat Genet 2025",Brain,Mass spec (brain proteomics),Mass spec,"1,362 brain donors (African American, Hispanic/Latin American, non-Hispanic white)",NR,1362,,,858 multiancestry causal pQTLs (fine-mapped),40921788,10.1038/s41588-025-02291-2,https://pubmed.ncbi.nlm.nih.gov/40921788/,https://doi.org/10.1038/s41588-025-02291-2,Nature genetics,"we mapped protein quantitative trait loci (pQTLs) in 1,362 brain proteomes from African American, Hispanic/Latin American and non-Hispanic white donors.",De-novo multiancestry brain pQTL mapping with fine-mapping; MR is downstream (has primary data). Platform inferred as MS; not 100% explicit in abstract.,
,keep,primary_pgwas,high,2025,"Pietzner et al., medRxiv 2025",Plasma,"Proteograph XT (Seer) nanoparticle MS (also SomaLogic 11k, Olink HT in same samples)",Mass spec,"British-Bangladeshi & British-Pakistani (Genes & Health), >1,400 individuals",8067 protein groups (MS),1400,895,,>1200 variant-protein associations,,10.1101/2025.08.12.25333522,,https://doi.org/10.1101/2025.08.12.25333522,"{'publisher': 'medRxiv', 'yearOfPublication': 2025}","Here, we integrate exome sequencing and common non-coding variation with untargeted nanoparticle enriched mass spectrometry (MS)-based plasma proteomics (Seer Proteograph XT: n=8067 protein groups) in >1,400 British-Bangladeshi and British-Pakistani individuals.",De-novo MS proteomics + new pQTL discovery in South Asian cohort; cross-platform comparison with SomaScan/Olink; preprint (no PMID).,
,keep,primary_pgwas,high,2025,"Hartley et al., bioRxiv 2025","Plasma + tissue (aortic wall, mammary artery, liver, skeletal muscle)",Olink Explore 3072 (3.2k),PEA (Olink),"STARNET (n=284, predominantly male CAD patients)",~3000 (Olink Explore 3.2k),284,608 cis-pQTLs,,608 cis-pQTLs (13 tissue-exclusive),,10.1101/2025.06.30.662294,,https://doi.org/10.1101/2025.06.30.662294,"{'publisher': 'bioRxiv', 'yearOfPublication': 2025}","We employed the Olink Explore 3.2k platform to assess relative protein levels in each tissue. We identify 608 cis-pQTLs, the majority of which are found in plasma ... 13 proteins with exclusive tissue-specific pQTLs.",De-novo multi-tissue Olink measurement in STARNET with derivation of tissue-specific cis-pQTLs; clean primary multi-tissue pGWAS (also runs coloc/MR downstream).,
,keep,primary_pgwas,high,2025,"Thielemann et al., medRxiv 2025",Plasma,Affinity-based proteomics (178 proteins),Other,"HOLBAEK Study, Danish children & adolescents",178,3853,,,1328 independent genome-wide significant associations,,10.1101/2025.03.18.25324169,,https://doi.org/10.1101/2025.03.18.25324169,"{'publisher': 'medRxiv', 'yearOfPublication': 2025}","Here, we mapped pQTLs for 178 plasma proteins measured using affinity-based proteomics in 3,853 Danish children and adolescents... we identified 1,328 independent, genome-wide significant associations for 178 proteins.",De-novo affinity proteomic measurement + genome-wide pQTL discovery in a pediatric cohort (novel age group); also runs one-sample MR; preprint (no PMID).,
,keep,primary_pgwas,high,2025,"Wingo et al., medRxiv 2025",CSF,Mass spectrometry,Mass spec,1005 participants (incl. ADNI; ancestry NR),2961,1005,1417,130,1547,,10.1101/2025.09.21.25336297,,https://doi.org/10.1101/2025.09.21.25336297,"{'publisher': 'medRxiv', 'yearOfPublication': 2025}","we used mass spectrometry to profile CSF proteins in 1,005 participants measuring 2,961 proteins... We identified 1,417 cis and 130 trans pQTLs, and uncover 24 candidate causal proteins.",De-novo mass-spec CSF proteogenomics with cis/trans-pQTL discovery; novel vs affinity-based CSF pQTL studies (1066 proteins not on other platforms). Preprint (no PMID). Integrates with AD GWAS.,
,keep,primary_pgwas,high,2025,"Bankier et al., medRxiv 2025",Plasma,"NR (proteomics, ~Olink/SomaScan not stated)",Other,532 CAD patients (STARNET study),974,532,144 plasma cis-pQTLs (colocalizing with tissue eQTLs),,,,10.1101/2025.01.22.25320723,,https://doi.org/10.1101/2025.01.22.25320723,"{'publisher': 'medRxiv', 'yearOfPublication': 2025}",We profiled 974 plasma proteins in 532 CAD-patients of the STARNET study ... 144 plasma cis-pQTLs colocalized with tissue eQTLs including eight CMD/CAD GWAS genes.,De-novo plasma proteomics in STARNET with cis-pQTL discovery + tissue eQTL coloc/GRN integration. Specific platform not named in abstract; small N.,
,keep,primary_pgwas,high,2025,"Raffield et al., Research Square 2025",Plasma,SomaScan 7k + Olink Explore 3072,Multi-platform,"1930 participants (European, African, East Asian, Admixed American ancestry)",2157,1930,,,,,10.21203/rs.3.rs-5968391/v1,,https://doi.org/10.21203/rs.3.rs-5968391/v1,"{'publisher': 'Research Square', 'yearOfPublication': 2025}","we examined 2,157 proteins measured on both SomaScan 7k and Olink Explore 3072 across 1,930 participants ... Protein measures were associated with variants (pQTLs), and one-third of the pQTL signals were driven by protein-altering variants (PAVs).",De-novo dual-platform measurement with own cross-ancestry pQTL discovery and PAV analysis.,
,keep,primary_pgwas,high,2025,"Bouland et al., medRxiv 2025",Brain,Brain proteomics (Gyrus Temporalis Medius),Mass spec,"190 brain samples (88 AD, 53 non-demented, 49 centenarians)",227,190,,,8081 variants associated with 227 proteins,,10.1101/2025.02.11.25322052,,https://doi.org/10.1101/2025.02.11.25322052,"{'publisher': 'medRxiv', 'yearOfPublication': 2025}","We conducted a comprehensive protein quantitative trait loci (pQTL) analysis on a unique set of Gyrus Temporalis Medius (GTM) samples... This investigation revealed 8,081 genetic variants associated with the abundance of 227 proteins.","De-novo brain proteome + pQTL discovery in a unique GTM tissue set, including novel variant-protein links vs prior cortex study; preprint (no PMID). Platform_class assumed mass spec (typical for brain proteomics).",
,keep,primary_pgwas,high,2024,"Suhre et al., Nat Commun 2024",Plasma (blood),Proteograph (Seer) bottom-up LC-MS/MS,Mass spec,Multi-ethnic cohort (QMDiab),"~3000 proteins / >18,000 peptides",>320,,,184 protein-altering variant associations in 137 genes,38307861,10.1038/s41467-024-45233-y,https://pubmed.ncbi.nlm.nih.gov/38307861/,https://doi.org/10.1038/s41467-024-45233-y,Nature communications,"Here we report a pQTL study using the Proteograph Product Suite workflow (Seer, Inc.) where we quantify over 18,000 unique peptides from nearly 3000 proteins in more than 320 blood samples ... We identify 184 protein-altering variants in 137 genes that are significantly associated with their corresponding variant peptides.",De-novo nanoparticle MS proteomics with genetic discovery of protein-altering/peptide variant pQTLs; clean primary pGWAS.,
,keep,primary_pgwas,high,2024,"Wang et al., Nat Genet 2024",Plasma,NR (proteomics platform not stated in abstract),Other,"Japan COVID-19 Task Force (JCTF), Japanese",NR,2932 plasma samples,582 (fine-mapped pQTLs total),NR,582,39317738,10.1038/s41588-024-01896-3,https://pubmed.ncbi.nlm.nih.gov/39317738/,https://doi.org/10.1038/s41588-024-01896-3,Nature genetics,"Here we report cis-eQTL and cis-pQTL statistical fine-mapping from 1,405 genotyped samples with blood mRNA and 2,932 plasma samples of protein expression, as part of the Japan COVID-19 Task Force (JCTF).",De-novo plasma proteomics + cis/trans-pQTL discovery and fine-mapping in Japanese cohort; also reports cis-eQTL. Proteomic platform not named in abstract.,
,keep,primary_pgwas,high,2024,"Tahir et al., J Clin Invest 2024",Plasma,Olink (~3000 proteins),PEA (Olink),Jackson Heart Study (Black/African American adults); validation in MESA (multi-ethnic),~3000,1054,,,1002 pQTLs for 925 protein assays,39316441,10.1172/jci181802,https://pubmed.ncbi.nlm.nih.gov/39316441/,https://doi.org/10.1172/jci181802,The Journal of clinical investigation,"We conducted a discovery GWAS of approximately 3,000 plasma proteins measured by the antibody-based Olink platform in 1,054 Black adults from the Jackson Heart Study (JHS) and validated our findings in the Multi-Ethnic Study of Atherosclerosis (MESA)... We identified 1,002 pQTLs for 925 protein assays.",De-novo Olink measurement + ancestry-enriched discovery pGWAS with fine-mapping/admixture; downstream PheWAS is secondary.,
,keep,primary_pgwas,high,2024,"Luo et al., Mol Psychiatry 2024",Brain,11-plex TMT 2D-LC-MS/MS,Mass spec,"Human brain, 268 subjects",11608,268,788,,788 cis-pQTL (883 proteins),38724566,10.1038/s41380-024-02576-8,https://pubmed.ncbi.nlm.nih.gov/38724566/,https://doi.org/10.1038/s41380-024-02576-8,Molecular psychiatry,"Here we generated deep human brain proteomics data by quantifying 11,608 proteins across 268 subjects using 11-plex tandem mass tag... Our analysis revealed 788 cis-acting protein quantitative trait loci.",De-novo brain TMT-MS proteome + cis-pQTL discovery; also runs SMR/MR but has primary measurement and scan.,
,keep,primary_pgwas,high,2024,"Boahen et al., BMC Genomics 2024",Plasma/Serum,Olink Inflammation panel,PEA (Olink),Two Dutch/European population-based cohorts,"NR (Olink inflammatory panel, ~92)",NR,,,NR,38326779,10.1186/s12864-024-10065-z,https://pubmed.ncbi.nlm.nih.gov/38326779/,https://doi.org/10.1186/s12864-024-10065-z,BMC genomics,We performed sex-stratified meta-analysis after protein quantitative trait loci (pQTL) mapping using inflammatory biomarkers profiled using targeted proteomics (Olink inflammatory panel) of two population-based cohorts of Europeans.,De-novo Olink pQTL mapping with sex-stratified analysis; coloc downstream. Panel size/N not stated in abstract.,
,keep,primary_pgwas,high,2024,"Smith et al., Drug Metab Dispos 2024",Liver (human liver tissue),DIA-based proteomics (LC-MS/MS),Mass spec,"Individual human livers, multi-ethnic (Illumina MEGA genotyping)",1 (CYP2D6 targeted readout),NR,"2 (rs1807493, rs1062753)","3 (rs4073010, rs729559, rs80274432)",44 genome-wide-significant SNPs; 5 independent after conditioning,38050015,10.1124/dmd.123.001548,https://pubmed.ncbi.nlm.nih.gov/38050015/,https://doi.org/10.1124/dmd.123.001548,Drug metabolism and disposition: the biological fate of chemicals,we performed a genome-wide association study (GWAS) to identify novel variants associated with CYP2D6 protein expression ... A data-independent acquisition (DIA)-based proteomics method was used to quantify CYP2D6 protein concentrations.,De-novo DIA-MS quantification of CYP2D6 in human livers + GWAS of protein expression; genuine de-novo pQTL discovery though single-protein/tissue focus.,
,keep,primary_pgwas,high,2024,"Sarnowski et al., medRxiv 2024",Plasma,SomaScan (aptamer; 4651 proteins),Aptamer (SomaScan),Atherosclerosis Risk in Communities (ARIC); European + African (19.8%) ancestry,4651,9455,NR,NR,"1408 proteins with pQTL (AFR), 2565 proteins with pQTL (EUR)",,10.1101/2024.09.27.24314500,,https://doi.org/10.1101/2024.09.27.24314500,"{'publisher': 'medRxiv', 'yearOfPublication': 2024}","Of 4,651 proteins, 1,408 and 2,565 proteins had protein-quantitative trait loci (pQTLs) identified in African and European ancestry respectively.",De-novo SomaScan pQTL discovery in ARIC across two ancestries; preprint (no PMID). Likely overlaps with prior ARIC SomaScan pQTL work (e.g. Zhang et al. 2022) - flag.,
,keep,primary_pgwas,medium,2025,"Dimas et al., Research Square 2025",Plasma,NR (multiplex plasma proteomics),Other,"Healthy individuals alternating omnivory/dietary restriction (N=200) + omnivorous controls (N=211), Greek",NR,200 (+211 controls),"diet-responsive cis-pQTLs (LBR, MSRA, FGF21)",,,,10.21203/rs.3.rs-7213009/v1,,https://doi.org/10.21203/rs.3.rs-7213009/v1,"{'publisher': 'Research Square', 'yearOfPublication': 2025}","Using longitudinal plasma proteomic and genotypic data, we identified diet-responsive cis-protein quantitative trait loci (cis-pQTLs) including gain of genetic regulatory effects for LBR and MSRA.","De-novo longitudinal plasma proteomic + genotype data with discovery of diet/season-responsive cis-pQTLs; primary measurement and genetic mapping, though platform/N-proteins not stated and gene-by-environment focus. Keep.",
,keep,primary_pgwas,medium,2024,"Reus et al., Brain 2024",CSF,Olink PEA (proximity extension),PEA (Olink),"Mixed memory-clinic cohort (n=502; AD/DLB/FTD/controls), European",665,502 (discovery),,GBA trans effects on 7 CSF proteins (DLB),"~5 pQTLs (CR1-CR2, ZCWPW1-PILRB, CTSH, HESX1-RETN, TREM2-IL6)",38527854,10.1093/brain/awae090,https://pubmed.ncbi.nlm.nih.gov/38527854/,https://doi.org/10.1093/brain/awae090,Brain : a journal of neurology,We tested to what extent effects of known dementia risk loci can be observed in CSF levels of 665 proteins [proximity extension-based (PEA) immunoassays] ... We identified four AD risk loci as protein quantitative trait loci (pQTL).,"De-novo CSF PEA measurement + genetic pQTL discovery (locus-targeted plus stratified), with independent replication; keep though analysis is risk-locus-focused rather than fully genome-wide.",
,keep,primary_pgwas,medium,2023,"Mazidi et al., J Am Coll Cardiol 2023",Plasma,Olink Explore (1463 proteins),PEA (Olink),China Kadoorie Biobank (Chinese),1463,~3972 (1971 IHD cases + 2001 subcohort),212 proteins with cis-pQTL in CKB,NR,NR,37940228,10.1016/j.jacc.2023.09.804,https://pubmed.ncbi.nlm.nih.gov/37940228/,https://doi.org/10.1016/j.jacc.2023.09.804,Journal of the American College of Cardiology,cis-protein quantitative loci (pQTLs) identified for proteins in genome-wide association studies of CKB and of UK Biobank were used as instrumental variables.,De-novo Olink Explore measurement in CKB with own genome-wide cis-pQTL discovery; heavy MR/drug-target framing but has primary scan. UKB cis-pQTLs used for replication.,
,borderline,primary_pgwas,medium,2026,"Western et al., Sci Transl Med 2026",CSF and Plasma,NR (aptamer/SomaScan likely),Other,"Knight ADRC / neurological cohorts, European",NR,NR,,,~5000 CSF+plasma pQTLs,42054495,10.1126/scitranslmed.adz2016,https://pubmed.ncbi.nlm.nih.gov/42054495/,https://doi.org/10.1126/scitranslmed.adz2016,Science translational medicine,"We compared the pQTL landscapes between plasma and cerebrospinal fluid (CSF) ... Of almost 5000 CSF and plasma pQTLs, fewer than 30% were present in both fluids.",CSF/plasma proteogenomics deriving ~5000 pQTLs across fluids; de-novo measurement plausible but platform/N not stated in abstract; borderline per CSF-proteogenomics clause.,
,borderline,meta_of_existing,medium,2026,"Koprulu et al., Cell 2026",Plasma/Serum,Multi-cohort (Olink/affinity across 38 studies),Multi-platform,"78,664 participants across 38 studies",1116,78664,5040,19698,>24000,42097137,10.1016/j.cell.2026.03.049,https://pubmed.ncbi.nlm.nih.gov/42097137/,https://doi.org/10.1016/j.cell.2026.03.049,Cell,"Here, we present the largest proteogenomic study to date (n = 78,664 participants across 38 studies), identifying >24,000 protein quantitative trait loci (QTLs) associated with 1,116 proteins.","Multi-cohort meta-analysis across 38 studies (web lookup: described as multi-cohort meta-analysis, no single de-novo measurement generated by this paper); leans meta_of_existing but aggregates cohort-level pQTL data. Borderline pending whether contributing cohorts are primary vs summary-stat.",
,borderline,method_or_database,medium,2026,"Stephan et al., J Proteome Res 2026",Plasma,Aptamer-based affinity proteomics (SomaScan),Aptamer (SomaScan),"German, Arab-Asian and Qatari cohorts (3 independent)",NR,NR,,,,41697000,10.1021/acs.jproteome.5c00887,https://pubmed.ncbi.nlm.nih.gov/41697000/,https://doi.org/10.1021/acs.jproteome.5c00887,Journal of proteome research,we applied highly multiplexed aptamer-based affinity proteomics to plasma samples from three independent cohorts ... to evaluate how adjusting for all measured proteins influences protein quantitative trait loci (pQTLs) associations.,Methods/framework paper on latent preanalytical variation using de-novo aptamer data; uses pQTL p-gain as a readout rather than reporting a new genome-wide pQTL catalog; flag as method-leaning borderline.,
,borderline,primary_pgwas,medium,2026,"Cruz et al., HGG Adv 2026",Plasma,Aptamer/SomaScan (circulating proteome),Aptamer (SomaScan),"Jackson Heart Study (African American), N=1,989; replication MESA (N=196)",NR,1989,,,62 proteins associated with local African ancestry (21 independent of known GWAS variants),41069105,10.1016/j.xhgg.2025.100529,https://pubmed.ncbi.nlm.nih.gov/41069105/,https://doi.org/10.1016/j.xhgg.2025.100529,HGG advances,"We performed admixture mapping of the circulating proteome in 1,989 participants from the Jackson Heart Study (JHS)... 21 of 62 remained statistically significant after conditioning on protein-associated variants observed in previous GWASs.","De-novo proteome in JHS; admixture mapping (not classical SNP pGWAS) of genetic determinants of protein levels, conditioned on prior GWAS variants - pGWAS-adjacent, borderline keep.",
,borderline,primary_pgwas,medium,2026,"Maya et al., Int J Mol Sci 2026",Plasma,NR (complement protein immunoassay panel),Other,"General-population sample, 50 ME/CFS + 121 non-fatigued",NR (complement pathway proteins),171,,,,41683992,10.3390/ijms27031574,https://pubmed.ncbi.nlm.nih.gov/41683992/,https://doi.org/10.3390/ijms27031574,International journal of molecular sciences,"We used protein quantitative trait loci (pQTL) analyses, adjusted for covariates using linear and logistic regression, to identify genetic variants significantly associated with plasma complement protein levels.","De-novo pQTL discovery on plasma complement proteins in a custom cohort; very small N and platform not specified, candidate-pathway (not full genome-wide proteome) scope. Methodologically primary but limited.",
,borderline,primary_pgwas,medium,2026,"Zou et al., Nature 2026",Plasma,Olink (UK Biobank Pharma Proteomics Project),PEA (Olink),"470,727 UK Biobank whole-genome sequences (multiancestry)",2941,"NR (subset with proteomics, ~UKB-PPP)",,,CNV cis- and trans-pQTLs (count NR),41639462,10.1038/s41586-025-10087-x,https://pubmed.ncbi.nlm.nih.gov/41639462/,https://doi.org/10.1038/s41586-025-10087-x,Nature,Proteomic analyses validated functional associations of CNVs with nearby genes (cis-protein quantitative trait loci; cis-pQTLs) ... and uncovered previously unknown protein-protein interactions (trans-pQTLs).,"Borderline: new genome-wide CNV-pQTL discovery (cis + trans) — pGWAS-adjacent. Protein measurements reused from UKB-PPP (Olink), not measured de novo; primarily a CNV PheWAS.",
,borderline,primary_pgwas,medium,2025,"Koprulu et al., Nat Commun 2025",Plasma,Olink (antibody) + SomaScan (aptamer),Multi-platform,"Two cohorts (UK Biobank-PPP + Fenland), 30,307 females + 26,058 males",>5800,56365,,,103 sex-differential pQTLs,40360480,10.1038/s41467-025-59034-4,https://pubmed.ncbi.nlm.nih.gov/40360480/,https://doi.org/10.1038/s41467-025-59034-4,Nature communications,we systematically investigated sex differences in the genetic regulation of plasma proteome (>5800 protein targets) across two cohorts ... only 103 sex-differential protein quantitative loci (sd-pQTLs; ... from antibody- and aptamer-based platforms).,"Reuses UKB-PPP (Olink) + Fenland (SomaScan) measurements (no de-novo measurement) but performs a novel genome-wide sex-differential pQTL scan; borderline, consistent with idx 40/52.",
,borderline,method_or_database,medium,2025,"Sigurdsson et al., Nat Commun 2025",Plasma,Olink (UKB-PPP) + mass spectrometry,Multi-platform,"UK Biobank proteomics cohort (European), N=48,594; replication in Olink and MS cohorts",~2900 (UKB-PPP Olink),48594,,,,41392155,10.1038/s41467-025-67235-0,https://pubmed.ncbi.nlm.nih.gov/41392155/,https://doi.org/10.1038/s41467-025-67235-0,Nature communications,"Applying this method to the UK Biobank proteomics cohort of 48,594 individuals, we identify 123 proteins that are correlated with non-linear covariates and 15 with genetic dominance and epistasis.","Deep-learning method (EIR-auto-GP) to detect dominance/epistasis pQTL effects; reuses UKB-PPP Olink measurements (no de-novo measurement by authors), but performs a genome-wide complex-effect pQTL scan; method-paper, borderline.",
,borderline,primary_pgwas,medium,2025,"Bhak et al., Sci Rep 2025",Plasma,"Olink (UKB-PPP, 2922 proteins)",PEA (Olink),"UK Biobank Caucasian (discovery); Japanese, Finnish, South Asian, Black (replication)",2922,30272,,,113 sex-dimorphic pQTLs (65 proteins),40877285,10.1038/s41598-025-10031-z,https://pubmed.ncbi.nlm.nih.gov/40877285/,https://doi.org/10.1038/s41598-025-10031-z,Scientific reports,"We conducted a sex-stratified, genome-wide association study on 2,922 proteins using data from 30,272 individuals of Caucasian ancestry from the UK Biobank.","Reuses UKB-PPP Olink measurements (not de-novo), but performs novel sex-stratified genome-wide pQTL discovery with multi-ancestry replication; also runs MR. Exclude is defensible under strict de-novo criterion.",
,borderline,primary_pgwas,medium,2025,"Farinas et al., Nat Med 2025",CSF + Plasma (paired),SomaScan,Aptamer (SomaScan),"2,171 healthy/cognitively impaired older adults (multi-cohort, GNPC)",NR,2171,,,loci for 241 protein CSF:plasma ratios,40665050,10.1038/s41591-025-03831-3,https://pubmed.ncbi.nlm.nih.gov/40665050/,https://doi.org/10.1038/s41591-025-03831-3,Nature medicine,Genome-wide association studies identified genetic loci associated with CSF to plasma ratios of 241 proteins.,"Borderline: de-novo SomaScan CSF/plasma measurement + genome-wide ratio-QTL (CSF:plasma ratio), an explicitly flagged borderline-keep category.",
,borderline,primary_pgwas,medium,2025,"Hofmeister et al., Nature 2025",Plasma,Olink Explore (UKB-PPP),PEA (Olink),"UK Biobank (up to 109,385 with parent-of-origin inference); replication Estonian Biobank, MoBa",NR,up to ~109385,,,">14,000 pQTLs scanned for POE",40770099,10.1038/s41586-025-09357-5,https://pubmed.ncbi.nlm.nih.gov/40770099/,https://doi.org/10.1038/s41586-025-09357-5,Nature,"Genome-wide association study scans for 59 complex traits and over 14,000 protein quantitative trait loci contrasting maternal and paternal effects identified over 30 POEs.",Reuses UKB-PPP protein measurements (no de-novo measurement) but performs a genuine novel parent-of-origin pQTL scan; flagged borderline as it generates new pQTL-type statistics without new proteomics.,
,borderline,primary_pgwas,medium,2025,"Yu et al., Biomedicines 2025",Plasma,Olink Explore 384 (Cardiometabolic),PEA (Olink),"500 type 2 diabetes patients, Shanghai (Chinese)",369,500,66 cis-pQTLs for 64 proteins,,66,40299563,10.3390/biomedicines13040971,https://pubmed.ncbi.nlm.nih.gov/40299563/,https://doi.org/10.3390/biomedicines13040971,Biomedicines,We measured all 369 proteins in the Olink Explore 384 Cardiometabolic ... panel of 500 patients with type 2 diabetes ... Protein quantitative trait loci (pQTLs) were derived by coupling genomic and proteomic data.,"De-novo Olink measurement and own cis-pQTL derivation in 500 T2D patients; small panel/N and primarily a drug-target MR study, so borderline but has primary pQTL data.",
,borderline,primary_pgwas,medium,2025,"Yao et al., Stroke 2025",Plasma,Olink Explore,PEA (Olink),China Kadoorie Biobank (East Asian) + UK Biobank (European),2923,NR (CKB + UKB),cis-pQTL for 2923 proteins (from own GWAS),,,40304040,10.1161/strokeaha.125.050982,https://pubmed.ncbi.nlm.nih.gov/40304040/,https://doi.org/10.1161/strokeaha.125.050982,Stroke,We extracted individual cis-protein quantitative trait locus for 2923 proteins measured using Olink Explore panel from a genome-wide association study in prospective China Kadoorie Biobank and UK Biobank.,"Performs own GWAS-derived cis-pQTL scan in CKB+UKB Olink data, then MR/coloc/drug-target downstream; has primary scan so keep, but main thrust is MR/druggability and CKB measurement may overlap CKB-PPP. Borderline.",
,borderline,primary_pgwas,medium,2025,"Abbas et al., bioRxiv 2025",Plasma,Olink,PEA (Olink),362 plasma samples (with WGS),NR,362,,,1273 pQTLs linked to 22 proteins,,10.1101/2025.11.21.689764,,https://doi.org/10.1101/2025.11.21.689764,"{'publisher': 'bioRxiv', 'yearOfPublication': 2025}","The same variants were used to perform protein quantitative trait loci (pQTL) analysis in a set of 362 plasma samples profiled on the Olink platform ... We identified ... 1,273 pQTLs linked to 22 proteins.","De-novo Olink measurement with own pQTL analysis, but restricted to T2D GWAS-Catalog variants (sub-genome-wide, p<=1e-4) rather than a genome-wide scan; small N. Borderline.",
,borderline,primary_pgwas,medium,2025,"Ben-Eghan et al., medRxiv 2025",Plasma,"Olink (UKB-PPP, 2923 proteins)",PEA (Olink),"UK Biobank EUR (45,486), AFR (1,336), CSA (934)",2923,"52,706","2,162 cis-vQTLs for 781 proteins",,"2,162 cis-vQTLs",,10.1101/2025.11.20.25340688,,https://doi.org/10.1101/2025.11.20.25340688,"{'publisher': 'medRxiv', 'yearOfPublication': 2025}","We systematically mapped cis-vQTLs for 2,923 plasma proteins in 52,706 UK Biobank participants ... identifying 2,162 vQTLs (P < 5x10-8) for 781 proteins.","Genome-wide cis-variance-QTL (vQTL) mapping across ancestries on reused UKB-PPP Olink measurements; pGWAS-adjacent (vQTL, not mean pQTL) and no de-novo measurement, hence borderline. Overlaps UKB-PPP.",
,borderline,meta_of_existing,medium,2025,"Khunsriraksakul et al., medRxiv 2025",Plasma,Olink + SomaScan (cross-platform),Multi-platform,">90,000 individuals across Olink and SomaScan cohorts",NR,>90000,,,">30,000 sentinel pQTLs",,10.1101/2025.10.06.25336803,,https://doi.org/10.1101/2025.10.06.25336803,"{'publisher': 'medRxiv', 'yearOfPublication': 2025}","We performed a large-scale cross-platform meta-analysis of plasma proteomics, integrating data from over 90,000 individuals across Olink and SomaScan platforms... This effort identified >30,000 sentinel pQTLs.","Cross-platform MTAG meta-analysis/integration of existing Olink (likely UKB-PPP) and SomaScan (likely deCODE) data plus PWAS resource; no de-novo measurement. Massive pQTL output but reuses published measurements - meta_of_existing, flagged borderline; likely overlaps UKB-PPP/deCODE.",
,borderline,primary_pgwas,medium,2024,"Yi et al., Sci Data 2024",Brain/CSF/Plasma,SomaScan (aptamer),Aptamer (SomaScan),Knight ADRC / multi-tissue cohort (European),1300,NR,,,38 brain / 150 CSF / 95 plasma genomic regions,38627416,10.1038/s41597-024-03140-3,https://pubmed.ncbi.nlm.nih.gov/38627416/,https://doi.org/10.1038/s41597-024-03140-3,Scientific data,"We previously performed and identified tissue-specific protein quantitative trait loci in brain, cerebrospinal fluid, and plasma ... We identified 38 genomic regions associated with 43 proteins in brain, 150 ... in cerebrospinal fluid, and 95 ... in plasma.","Atlas/imputation update (TOPMed) of a previously measured SomaScan proteome rather than new de-novo measurement; performs a real multi-tissue pQTL scan with novel loci, hence borderline.",
,borderline,primary_pgwas,medium,2024,"Krishna et al., Nat Commun 2024",Plasma,Olink Explore (UKB-PPP),PEA (Olink),"UK Biobank, 45,330 Europeans + multi-ancestry replication",2940,45330,,widespread trans HLA-pQTL,504 proteins with HLA-pQTL,39085222,10.1038/s41467-024-50583-8,https://pubmed.ncbi.nlm.nih.gov/39085222/,https://doi.org/10.1038/s41467-024-50583-8,Nature communications,"we examined the effects of HLA genetic variation on the expression of 2940 plasma proteins across 45,330 Europeans in the UK Biobank ... We detected 504 proteins affected by HLA variants (HLA-pQTL).","Reuses UKB-PPP protein measurements (no de-novo measurement) but performs a genuine HLA-region pQTL scan with fine-mapping; borderline, overlaps UKB-PPP.",
,borderline,primary_pgwas,medium,2024,"Hillary et al., Nat Commun 2024",Plasma,Olink (UK Biobank Pharma Proteomics Project),PEA (Olink),"52,363 UK Biobank participants",1463,52363,,,677 independent vQTLs across 568 proteins,39187491,10.1038/s41467-024-51744-5,https://pubmed.ncbi.nlm.nih.gov/39187491/,https://doi.org/10.1038/s41467-024-51744-5,Nature communications,"vQTL association studies are performed on plasma levels of 1463 proteins in 52,363 UK Biobank participants. A set of 677 independent vQTLs are identified across 568 proteins.","Borderline: new genome-wide variance-QTL (vQTL) + GEI discovery on protein levels (pGWAS-adjacent). Protein measurements reused from UKB-PPP (Olink Explore), not measured de novo.",
,borderline,primary_pgwas,medium,2024,"Konigsberg et al., BMC Genomics 2024",Plasma,SomaScan v4.0,Aptamer (SomaScan),"COPDGene, 3173 Non-Hispanic White + African American; replication SPIROMICS",4776,3173,,,7 network QTL (nQTL) loci,39223457,10.1186/s12864-024-10619-1,https://pubmed.ncbi.nlm.nih.gov/39223457/,https://doi.org/10.1186/s12864-024-10619-1,BMC genomics,"we applied sparse multiple canonical correlation network analysis ... to 4,776 proteins assayed on the SomaScan v4.0 platform ... We next performed a genome-wide association study (GWAS) to identify variants associated with the NetSHy scores, or network quantitative trait loci (nQTLs).","De-novo SomaScan measurement in COPDGene; GWAS is on protein-network summary scores (nQTL) rather than standard per-protein pQTL, hence borderline.",
,borderline,primary_pgwas,medium,2024,"Sigurdsson et al., medRxiv 2024",Plasma,Olink and mass spectrometry (UKB-PPP + MS cohorts),Multi-platform,"UK Biobank proteomics (48,594), European; replication Olink + MS cohorts",NR,"48,594",,,138 proteins with non-linear effects (123 non-linear covariate; 15 dominance/epistasis),,10.1101/2024.07.04.24309942,,https://doi.org/10.1101/2024.07.04.24309942,"{'publisher': 'medRxiv', 'yearOfPublication': 2024}","Applying this method to the UK Biobank proteomics cohort of 48,594 individuals, we identified 138 proteins that were regulated by non-linear effects, including ... genetic dominance and epistasis (15).","Genome-wide discovery of non-linear/dominance/epistasis pQTL effects, but on reused UKB-PPP (and MS) measurements rather than de-novo measurement; pGWAS-adjacent novel-QTL-type, hence borderline. Likely overlaps UKB-PPP/Sun 2023.",
,borderline,primary_pgwas,medium,2023,"Chen et al., Cancer Res 2023",Tumor tissue,RPPA (The Cancer Proteome Atlas),Other,TCGA patients across 31 cancer types,~350+ (TCPA RPPA panel),"NR (31 cancer types, TCGA)",,,"~100,000 pQTLs",37548539,10.1158/0008-5472.can-23-0758,https://pubmed.ncbi.nlm.nih.gov/37548539/,https://doi.org/10.1158/0008-5472.can-23-0758,Cancer research,"By taking advantage of the genotype data from The Cancer Genome Atlas and protein expression data from The Cancer Proteome Atlas, we characterized the effects of genetic variants on protein expression across 31 cancer types and identified approximately 100,000 protein quantitative trait loci (pQTL).","Borderline: genome-wide tissue pQTL discovery (~100k) on RPPA (affinity-based) — in-scope tissue proteogenomics. Protein measurements reused from TCPA/TCGA, not measured de novo; database portal (GPIP) also released.",
,borderline,primary_pgwas,low,2025,"Kutalik/Hofmeister et al., Res Sq 2025",Plasma,Olink (UKB-PPP),PEA (Olink),"UK Biobank (discovery, up to 221,062) + Estonian Biobank (replication); MoBa offspring",">2,400 protein levels",~221062 (POE-inferred),,,,,10.21203/rs.3.rs-5871891/v1,,https://doi.org/10.21203/rs.3.rs-5871891/v1,"{'publisher': 'Research Square', 'yearOfPublication': 2025}","GWAS scans in the UK Biobank for more than 60 complex traits and over 2,400 protein levels contrasting maternal and paternal effects identified over 30 novel POEs.","Parent-of-origin GWAS on >2,400 UKB-PPP protein levels (and 60 complex traits); genome-wide POE pQTL discovery but reuses UKB-PPP Olink measurements (no de-novo measurement); method/POE-focused - borderline.",
,borderline,primary_pgwas,low,2025,"Wojtas et al., medRxiv 2025",Brain/CSF,"Brain + CSF proteomics (>11,000 proteins)",Mass spec,"118 cerebrovascular-enriched brain samples; 1,104 CSF individuals",11000,1104 (CSF),,,,,10.1101/2025.10.08.25337413,,https://doi.org/10.1101/2025.10.08.25337413,"{'publisher': 'medRxiv', 'yearOfPublication': 2025}",Integrating AD genome-wide association studies and CSF protein quantitative trait loci (pQTLs) identified CRIP1 as a candidate causal protein for AD.,"De-novo brain/CSF proteome generated (118 brain, 1,104 CSF); ambiguous whether CSF pQTLs were newly mapped here or pulled from existing studies. Borderline (proteogenomics with plausible de-novo CSF pQTL); preprint (no PMID).",
