row_id,Reference,orig_url,method,DOI,PMID,epmc_source,resolved_title,resolved_journal,resolved_year,status,flag
1,"Melzer et al. (PLoS Genet, 2008)",https://www.ncbi.nlm.nih.gov/pubmed/18464913,pmid,10.1371/journal.pgen.1000072,18464913,MED,A genome-wide association study identifies protein quantitative trait loci (pQTLs).,PLoS Genet,2008,resolved,
2,"Lourdusamy et al. (Hum Mol Genet, 2012)",https://www.ncbi.nlm.nih.gov/pubmed/22595970,pmid,10.1093/hmg/dds186,22595970,MED,Identification of cis-regulatory variation influencing protein abundance levels in human plasma.,Hum Mol Genet,2012,resolved,
3,"Johansson et al. (PNAS, 2013)",https://www.ncbi.nlm.nih.gov/pubmed/23487758,pmid,10.1073/pnas.1217238110,23487758,MED,Identification of genetic variants influencing the human plasma proteome.,Proc Natl Acad Sci U S A,2013,resolved,
4,"Kim et al. (PLoS One, 2013)",https://www.ncbi.nlm.nih.gov/pubmed/23894628,pmid,10.1371/journal.pone.0070269,23894628,MED,Influence of genetic variation on plasma protein levels in older adults using a multi-analyte panel.,PLoS One,2013,resolved,
5,"Orru et al. (Cell, 2013)",https://www.cell.com/cell/fulltext/S0092-8674(13)01072-6,verified-manual,10.1016/j.cell.2013.08.041,24074872,,Genetic variants regulating immune cell levels in health and disease.,Cell,2013,resolved,
6,"Stark et al. (PLoS Genetics, 2014)",https://journals.plos.org/plosgenetics/article?id=10.1371/journal.pgen.1004192,doi,10.1371/journal.pgen.1004192,24699359,MED,Protein quantitative trait loci identify novel candidates modulating cellular response to chemotherapy.,PLoS Genet,2014,resolved,
7,"Enroth et al. (Nature Comm, 2014)",https://www.ncbi.nlm.nih.gov/pubmed/25147954,pmid,10.1038/ncomms5684,25147954,MED,Strong effects of genetic and lifestyle factors on biomarker variation and use of personalized cutoffs.,Nat Commun,2014,resolved,
8,"Kauve et al., (PLoS Genet., 2014)",https://www.ncbi.nlm.nih.gov/pubmed/25340798,pmid,10.1371/journal.pgen.1004758,25340798,MED,Genome-wide association study of CSF levels of 59 alzheimer's disease candidate proteins: significant associations with proteins involved in amyloid processing and inflammation.,PLoS Genet,2014,resolved,
9,"Liu et al. (Mol Syst Biol, 2015)",https://www.ncbi.nlm.nih.gov/pubmed/25652787,pmid,10.15252/msb.20145728,25652787,MED,Quantitative variability of 342 plasma proteins in a human twin population.,Mol Syst Biol,2015,resolved,
10,"Sun et al. (PLOS Genetics, 2016)",https://journals.plos.org/plosgenetics/article?id=10.1371/journal.pgen.1006011,doi,10.1371/journal.pgen.1006011,27532455,MED,Common Genetic Polymorphisms Influence Blood Biomarker Measurements in COPD.,PLoS Genet,2016,resolved,
11,"Deming et al. (Sci Rep, 2016)",https://www.ncbi.nlm.nih.gov/pmc/articles/PMC4698720/,pmcid,10.1038/srep18092,36647296,MED,Genetic studies of plasma analytes identify novel potential biomarkers for several complex traits.,Sci Rep,2016,resolved,
12,"Solomon et al. (Circ Cardiovasc Genet, 2016)",https://www.ncbi.nlm.nih.gov/pubmed/27329291,pmid,10.1161/circgenetics.115.001327,27329291,MED,Associations Between Common and Rare Exonic Genetic Variants and Serum Levels of 20 Cardiovascular-Related Proteins: The Tromsø Study.,Circ Cardiovasc Genet,2016,resolved,
13,"Ahola-Olli et al. (Am J Hum Genet, 2017)",https://www.ncbi.nlm.nih.gov/pubmed/27989323,pmid,10.1016/j.ajhg.2016.11.007,27989323,MED,Genome-wide Association Study Identifies 27 Loci Influencing Concentrations of Circulating Cytokines and Growth Factors.,Am J Hum Genet,2017,resolved,
14,"Di Narzo et al. (PLoS Genet, 2017)",https://www.ncbi.nlm.nih.gov/pubmed/28129359,pmid,10.1371/journal.pgen.1006565,28129359,MED,High-Throughput Characterization of Blood Serum Proteomics of IBD Patients with Respect to Aging and Genetic Factors.,PLoS Genet,2017,resolved,
15,"Suhre et al. (Nature Comm, 2017)",https://www.nature.com/articles/ncomms14357,doi,10.1038/ncomms14357,28240269,MED,Connecting genetic risk to disease end points through the human blood plasma proteome.,Nat Commun,2017,resolved,
16,"Sasayama et al. (Hum Mol Genet, 2017)",https://www.ncbi.nlm.nih.gov/pubmed/28031287,pmid,10.1093/hmg/ddw366,28031287,MED,Genome-wide quantitative trait loci mapping of the human cerebrospinal fluid proteome.,Hum Mol Genet,2017,resolved,
17,"Folkersen et al. (PLoS Genet., 2017)",https://www.ncbi.nlm.nih.gov/pubmed/28369058,pmid,10.1371/journal.pgen.1006706,28369058,MED,Mapping of 79 loci for 83 plasma protein biomarkers in cardiovascular disease.,PLoS Genet,2017,resolved,
18,"de Vries et al. (Hum. Mol. Genet., 2017)",https://academic.oup.com/hmg/article/26/17/3442/3953984,verified-manual,10.1093/hmg/ddx266,28854705,,Whole-genome sequencing study of serum peptide levels: the Atherosclerosis Risk in Communities study.,Human molecular genetics,2017,resolved,
19,"Ahsan et al. (PLoS Genet., 2017)",http://journals.plos.org/plosgenetics/article?id=10.1371/journal.pgen.1007005,doi,10.1371/journal.pgen.1007005,28915241,MED,The relative contribution of DNA methylation and genetic variants on protein biomarkers for human diseases.,PLoS Genet,2017,resolved,
20,"Carayol et al. (Nature Comm, 2017)",https://www.nature.com/articles/s41467-017-02182-z,doi,10.1038/s41467-017-02182-z,29234017,MED,Protein quantitative trait locus study in obesity during weight-loss identifies a leptin regulator.,Nat Commun,2017,resolved,
21,"Benson et al. (Circulation, 2017)",https://doi.org/10.1161/CIRCULATIONAHA.117.029536,doi,10.1161/circulationaha.117.029536,29258991,MED,Genetic Architecture of the Cardiovascular Risk Proteome.,Circulation,2018,resolved,
22,"Patin et al. (Nature Immunology, 2018)",https://www.nature.com/articles/s41590-018-0049-7,doi,10.1038/s41590-018-0049-7,29476184,MED,Natural variation in the parameters of innate immune cells is preferentially driven by genetic factors.,Nat Immunol,2018,resolved,
23,"Sun et al. (Nature, 2018); pre-print on bioRxiv",https://www.nature.com/articles/s41586-018-0175-2,doi,10.1038/s41586-018-0175-2,29875488,MED,Genomic atlas of the human plasma proteome.,Nature,2018,resolved,
24,"Emilsson et al. (Science, 2018)",http://science.sciencemag.org/content/early/2018/08/01/science.aaq1327,fallback-unique,10.1126/science.aaq1327,30072576,MED,Co-regulatory networks of human serum proteins link genetics to disease.,Science,2018,resolved,
25,"Yao et al. (Nature Comm, 2018); pre-print on bioRxiv",https://www.nature.com/articles/s41467-018-05512-x,doi,10.1038/s41467-018-05512-x,30111768,MED,Genome-wide mapping of plasma protein QTLs identifies putatively causal genes and pathways for cardiovascular disease.,Nat Commun,2018,resolved,
26,"Sliz et al. (J. Med. Genet., 2019), pre-print on bioRxiv",https://jmg.bmj.com/content/early/2019/06/19/jmedgenet-2018-105965,verified-manual,10.1136/jmedgenet-2018-105965,31217265,,Genome-wide association study identifies seven novel loci associating with circulating cytokines and cell adhesion molecules in Finns.,Journal of medical genetics,2019,resolved,
27,"Mirauta et al. (eLife, 2020), preprint on BioRxiv, 2018",https://elifesciences.org/articles/57390,fallback-unique,10.7554/elife.57390,32773033,MED,Population-scale proteome variation in human induced pluripotent stem cells.,Elife,2020,resolved,
28,Zhernakova et al. (Nature Gen. 2018),https://www.nature.com/articles/s41588-018-0224-7,doi,10.1038/s41588-018-0224-7,30250126,MED,Individual variations in cardiovascular-disease-related protein levels are driven by genetics and gut microbiome.,Nat Genet,2018,resolved,
29,"Solomon et al. (Circulation: Genomic and Precision Medicine, 2018)",https://www.ahajournals.org/doi/10.1161/CIRCGEN.118.002170,doi,10.1161/circgen.118.002170,30562114,MED,Identification of Common and Rare Genetic Variation Associated With Plasma Protein Levels Using Whole-Exome Sequencing and Mass Spectrometry.,Circ Genom Precis Med,2018,resolved,
30,"Zheng et al. (Nature Genetics, 2020), preprint on BioRxiv, 2019",https://www.nature.com/articles/s41588-020-0682-6,doi,10.1038/s41588-020-0682-6,32895551,MED,Phenome-wide Mendelian randomization mapping the influence of the plasma proteome on complex diseases.,Nat Genet,2020,resolved,
31,"Hillary et al. (Nat. Comm., 2019)",https://www.nature.com/articles/s41467-019-11177-x,doi,10.1038/s41467-019-11177-x,31320639,MED,Genome and epigenome wide studies of neurological protein biomarkers in the Lothian Birth Cohort 1936.,Nat Commun,2019,resolved,
32,Peters et al. (ASHG 2019 abstract),https://eventpilotadmin.com/web/page.php?nav=false&page=Session&project=ASHG19&id=40310098,conf-abstract,,,,,,,unresolved,
33,Wilson et al. (ASHG 2019 abstract),https://eventpilotadmin.com/web/page.php?nav=false&page=Session&project=ASHG19&id=112002,conf-abstract,,,,,,,unresolved,
34,Klaric et al. (ASHG 2019 abstract),https://eventpilotadmin.com/web/page.php?nav=false&page=Session&project=ASHG19&id=30308133,conf-abstract,,,,,,,unresolved,
35,"Robins et al. (AJHG 2021), preprint on bioRxiv, 2019",https://www.cell.com/ajhg/fulltext/S0002-9297(21)00012-4,verified-manual,10.1016/j.ajhg.2021.01.012,33571421,,Genetic control of the human brain proteome.,American journal of human genetics,2021,resolved,
36,"Höglund et al. (Scientific Rep., 2019)",https://www.nature.com/articles/s41598-019-53111-7,doi,10.1038/s41598-019-53111-7,31727947,MED,Improved power and precision with whole genome sequencing data in genome-wide association studies of inflammatory biomarkers.,Sci Rep,2019,resolved,
37,Nath et al. (AJHG 2019),https://www.cell.com/ajhg/fulltext/S0002-9297(19)30389-1,verified-manual,10.1016/j.ajhg.2019.10.001,31679650,,"Multivariate Genome-wide Association Analysis of a Cytokine Network Reveals Variants with Widespread Immune, Haematological, and Cardiometabolic Pleiotropy.",American journal of human genetics,2019,resolved,
38,"Folkersen et al. (Nature Metabolism, 2020), preprint on bioRxiv, 2020",https://www.nature.com/articles/s42255-020-00287-2,doi,10.1038/s42255-020-00287-2,33067605,MED,"Genomic and drug target evaluation of 90 cardiovascular proteins in 30,931 individuals.",Nat Metab,2020,resolved,
39,"Sjaarda et al. (AJHG, 2020)",https://www.cell.com/ajhg/fulltext/S0002-9297(20)30016-1,verified-manual,10.1016/j.ajhg.2020.01.016,32059761,,Influence of Genetic Ancestry on Human Serum Proteome.,American journal of human genetics,2020,resolved,
40,"Gilly et al. (Nat. Comm. 2020), preprint on bioRxiv",https://www.nature.com/articles/s41467-020-20079-2,doi,10.1038/s41467-020-20079-2,33303764,MED,Whole-genome sequencing analysis of the cardiometabolic proteome.,Nat Commun,2020,resolved,
41,"Emilson et al. (Nat. Comm. 2022), preprint bioRxiv 2020",https://www.nature.com/articles/s41467-022-28081-6,doi,10.1038/s41467-022-28081-6,35079000,MED,Coding and regulatory variants are associated with serum protein levels and disease.,Nat Commun,2022,resolved,
42,"Zhong et al. (BMC Genome Med, 2020)",https://genomemedicine.biomedcentral.com/articles/10.1186/s13073-020-00755-0,doi,10.1186/s13073-020-00755-0,32576278,MED,Whole-genome sequence association analysis of blood proteins in a longitudinal wellness cohort.,Genome Med,2020,resolved,
43,Dodig-Crnkovic et al. (EBioMedicine 2020),https://www.sciencedirect.com/science/article/pii/S2352396420302292,fallback-unique,10.1016/j.ebiom.2020.102854,32629387,MED,Facets of individual-specific health signatures determined from longitudinal plasma proteome profiling.,EBioMedicine,2020,resolved,
44,"Hillary et al. (Genome Medicine 2020), pre-print on BioRxiv",https://genomemedicine.biomedcentral.com/articles/10.1186/s13073-020-00754-1,doi,10.1186/s13073-020-00754-1,32641083,MED,Multi-method genome- and epigenome-wide studies of inflammatory protein levels in healthy older adults.,Genome Med,2020,resolved,
45,"Ruffieu et al. (PLoS Comp Bio 2020), pre-print on bioRxiv",https://journals.plos.org/ploscompbiol/article?id=10.1371/journal.pcbi.1007882,doi,10.1371/journal.pcbi.1007882,32492067,MED,A fully joint Bayesian quantitative trait locus mapping of human protein abundance in plasma.,PLoS Comput Biol,2020,resolved,
46,"Bretherick et al. (PLoS Genetics, 2020)",https://journals.plos.org/plosgenetics/article?id=10.1371/journal.pgen.1008785,doi,10.1371/journal.pgen.1008785,32628676,MED,Linking protein to phenotype with Mendelian Randomization detects 38 proteins with causal roles in human diseases and traits.,PLoS Genet,2020,resolved,
47,"Pietzner et al. (Nature Comm, 2021), preprint on bioRxiv",https://www.nature.com/articles/s41467-020-19996-z,doi,10.1038/s41467-020-19996-z,33328453,MED,Genetic architecture of host proteins involved in SARS-CoV-2 infection.,Nat Commun,2020,resolved,
48,"Zhang et al. (Nature Genetics, 2022), preprint on (bioRxiv)",https://www.nature.com/articles/s41588-022-01051-w,doi,10.1038/s41588-022-01051-w,35501419,MED,Plasma proteome analyses in individuals of European and African ancestry identify cis-pQTLs and models for proteome-wide association studies.,Nat Genet,2022,resolved,
49,Brown et al. (Nat. Comms. 2023),https://www.nature.com/articles/s41467-023-40569-3,doi,10.1038/s41467-023-40569-3,37604891,MED,Genetic analysis of blood molecular phenotypes reveals common properties in the regulatory networks affecting complex traits.,Nat Commun,2023,resolved,
50,"Zhong et al., (Nature Comm. 2021)",https://www.nature.com/articles/s41467-021-22767-z,doi,10.1038/s41467-021-22767-z,33941778,MED,Next generation plasma proteome profiling to monitor health and disease.,Nat Commun,2021,resolved,
51,"Gurinovich et al. (GeroScience, 2021)",https://link.springer.com/article/10.1007/s11357-021-00376-4,doi,10.1007/s11357-021-00376-4,33948810,MED,Effect of longevity genetic variants on the molecular aging rate.,Geroscience,2021,resolved,
52,"Gudjonsson et al. (Nat. Comm. 2022), (bioRxiv 2021)",https://www.nature.com/articles/s41467-021-27850-z,doi,10.1038/s41467-021-27850-z,35078996,MED,A genome-wide association study of serum proteins reveals shared loci with common diseases.,Nat Commun,2022,resolved,
53,"Yang et al. (Nature Neuroscience, 2021), preprint medRxiv",https://www.nature.com/articles/s41593-021-00886-6,doi,10.1038/s41593-021-00886-6,34239129,MED,"Genomic atlas of the proteome from brain, CSF and plasma prioritizes proteins implicated in neurological disorders.",Nat Neurosci,2021,resolved,
54,"Pietzner et al. (Science, 2021)",https://www.science.org/doi/10.1126/science.abj1541,doi,10.1126/science.abj1541,34648354,MED,Mapping the proteo-genomic convergence of human diseases.,Science,2021,resolved,
55,"Katz et al. (Circulation, 2021)",https://www.ahajournals.org/doi/10.1161/CIRCULATIONAHA.121.055117,doi,10.1161/circulationaha.121.055117,34814699,MED,Whole Genome Sequence Analysis of the Plasma Proteome in Black Adults Provides Novel Insights Into Cardiovascular Disease.,Circulation,2022,resolved,
56,"Ferkingstad et al. (Nature Genetics, 2021)",https://www.nature.com/articles/s41588-021-00978-w,doi,10.1038/s41588-021-00978-w,34857953,MED,Large-scale integration of the plasma proteome with genetics and disease.,Nat Genet,2021,resolved,
57,"Png et al. (Nat Comm, 2021)",https://www.nature.com/articles/s41467-021-27387-1,doi,10.1038/s41467-021-27387-1,34857772,MED,Mapping the serum proteome to neurological diseases using whole genome sequencing.,Nat Commun,2021,resolved,
58,"Preprint on Research Square, 2022",https://www.researchsquare.com/article/rs-1633422/v1,verified-manual,10.21203/rs.3.rs-1633422/v1,,,,Research Square (preprint),2022,partial,
59,"Sun et al., bioRxiv 2022",https://www.biorxiv.org/content/10.1101/2022.06.17.496443v1,doi,10.1101/2022.06.17.496443,,PPR,"Genetic regulation of the human plasma proteome in 54,306 UK Biobank participants","{'publisher': 'bioRxiv', 'yearOfPublication': 2022}",2022,resolved,
60,"Katz et al., Science Advances 2022",https://www.science.org/doi/10.1126/sciadv.abm5164,doi,10.1126/sciadv.abm5164,35984888,MED,Proteomic profiling platforms head to head: Leveraging genetics and clinical traits to compare aptamer- and antibody-based methods.,Sci Adv,2022,resolved,
61,"Thareja et al., Human Mol. Genetics (in press)",https://academic.oup.com/hmg/advance-article/doi/10.1093/hmg/ddac243/6724969,verified-manual,10.1093/hmg/ddac243,36168886,,Differences and commonalities in the genetic architecture of protein quantitative trait loci.,Human molecular genetics,2023,resolved,
62,"He et al., BMC Biology, 2020",https://bmcbiol.biomedcentral.com/articles/10.1186/s12915-020-00830-3,doi,10.1186/s12915-020-00830-3,32778093,MED,Genome-wide pQTL analysis of protein expression regulatory networks in the human liver.,BMC Biol,2020,resolved,
63,Dhindsa et al. medRxiv 2022,https://www.biorxiv.org/content/10.1101/2022.10.09.511476v1,doi,10.1101/2022.10.09.511476,,PPR,"Influences of rare protein-coding genetic variants on the human plasma proteome in 50,829 UK Biobank participants","{'publisher': 'bioRxiv', 'yearOfPublication': 2022}",2022,resolved,
64,"Hou et al. (ASHG abstract, 2022)",https://eppro01.ativ.me/web/page.php?page=IntHtml&project=ASHG22&id=419,conf-abstract,,,,,,,unresolved,
65,"Chen et al. (ASHG abstract, 2022)",https://eppro01.ativ.me/web/page.php?page=IntHtml&project=ASHG22&id=2573,conf-abstract,,,,,,,unresolved,
66,"Koprulu et al. (ASHG abstract, 2022)",https://eppro01.ativ.me/web/page.php?page=IntHtml&project=ASHG22&id=1944,conf-abstract,,,,,,,unresolved,
67,"Richardson et al. (ASHG abstract, 2022)",https://eppro01.ativ.me/web/page.php?page=IntHtml&project=ASHG22&id=1123,conf-abstract,,,,,,,unresolved,
68,"Kuliesius et al. (ASHG abstract, 2022)",https://eppro01.ativ.me/web/page.php?page=IntHtml&project=ASHG22&id=1535,conf-abstract,,,,,,,unresolved,
69,"Cruchaga et alk. (ASHG abstract, 2022)",https://eppro01.ativ.me/web/page.php?page=IntHtml&project=ASHG22&id=1155,conf-abstract,,,,,,,unresolved,
70,"Cai et al. (ASHG abstract, 2022)",https://eppro01.ativ.me/web/page.php?page=IntHtml&project=ASHG22&id=311,conf-abstract,,,,,,,unresolved,
71,"Siddiqui et al. (ASHG abstract, 2022)",https://eppro01.ativ.me/web/page.php?page=IntHtml&project=ASHG22&id=588,conf-abstract,,,,,,,unresolved,
72,"Chiou et al. (ASHG abstract, 2022)",https://eppro01.ativ.me/web/page.php?page=IntHtml&project=ASHG22&id=1861,conf-abstract,,,,,,,unresolved,
73,"Wingo et al. (ASHG abstract, 2022)",https://eppro01.ativ.me/web/page.php?page=IntHtml&project=ASHG22&id=2514,conf-abstract,,,,,,,unresolved,
74,"Surapaneni et al. (Kidney International, 2022)",https://www.kidney-international.org/article/S0085-2538(22)00547-6/fulltext,verified-manual,10.1016/j.kint.2022.07.005,35870639,,Identification of 969 protein quantitative trait loci in an African American population with kidney disease attributed to hypertension.,Kidney international,2022,resolved,
75,Hansson et al. (EMBO Mol. Med. 2022),https://www.embopress.org/doi/full/10.15252/emmm.202216359,doi,10.15252/emmm.202216359,36504281,MED,The genetic regulation of protein expression in cerebrospinal fluid.,EMBO Mol Med,2023,resolved,
76,"Caron et al. (Genome Medicine, 2022)",https://genomemedicine.biomedcentral.com/articles/10.1186/s13073-022-01032-y,doi,10.1186/s13073-022-01032-y,35264221,MED,Integrative genetic and immune cell analysis of plasma proteins in healthy donors identifies novel associations involving primary immune deficiency genes.,Genome Med,2022,resolved,
77,"Hillary et al. (Alzheimers Dement, 2022)",https://alz-journals.onlinelibrary.wiley.com/doi/10.1002/dad2.12280,doi,10.1002/dad2.12280,35475137,MED,Genome- and epigenome-wide studies of plasma protein biomarkers for Alzheimer's disease implicate TBCA and TREM2 in disease risk.,Alzheimers Dement (Amst),2022,resolved,
78,"Koprulu et al. (Nature Metabolism, 2023)",https://www.nature.com/articles/s42255-023-00753-7,doi,10.1038/s42255-023-00753-7,36823471,MED,Proteogenomic links to human metabolic diseases.,Nat Metab,2023,resolved,
79,"Niu et al., medRxiv 2023",https://www.medrxiv.org/content/10.1101/2023.03.31.23287853v1,doi,10.1101/2023.03.31.23287853,,PPR,Plasma Proteome Variation and its Genetic Determinants in Children and Adolescents,"{'publisher': 'medRxiv', 'yearOfPublication': 2023}",2023,resolved,
80,"Xu et al. (Nat. Comm., 2023)",https://www.nature.com/articles/s41467-023-36491-3,doi,10.1038/s41467-023-36491-3,36797296,MED,Genome-wide genotype-serum proteome mapping provides insights into the cross-ancestry differences in cardiometabolic disease susceptibility.,Nat Commun,2023,resolved,
81,Wingo et al. (Nat. Med. 2023),https://www.nature.com/articles/s41591-023-02509-y,doi,10.1038/s41591-023-02509-y,37653343,MED,Sex differences in brain protein expression and disease.,Nat Med,2023,resolved,
82,Wingo et al. (Nat. Genet. 2023),https://www.nature.com/articles/s41588-020-00773-z,doi,10.1038/s41588-020-00773-z,33510477,MED,Integrating human brain proteomes with genome-wide association data implicates new proteins in Alzheimer's disease pathogenesis.,Nat Genet,2021,resolved,
83,Zhao et al. (Nat. Immun. 2023),https://www.nature.com/articles/s41590-023-01588-w,doi,10.1038/s41590-023-01588-w,37563310,MED,Genetics of circulating inflammatory proteins identifies drivers of immune-mediated disease risk and therapeutic targets.,Nat Immunol,2023,resolved,
84,Sun et al. (Nature 2023),https://www.nature.com/articles/s41586-023-06592-6,doi,10.1038/s41586-023-06592-6,37794186,MED,Plasma proteomic associations with genetics and health in the UK Biobank.,Nature,2023,resolved,
85,Dhindsa et al. (Nature 2023),https://www.nature.com/articles/s41586-023-06547-x,doi,10.1038/s41586-023-06547-x,37794183,MED,Rare variant associations with plasma protein levels in the UK Biobank.,Nature,2023,resolved,
86,Eldjarn et al. (Nature 2023),https://www.nature.com/articles/s41586-023-06563-x,doi,10.1038/s41586-023-06563-x,37794188,MED,Large-scale plasma proteomics comparisons through genetics and disease associations.,Nature,2023,resolved,
87,Macdonald-Dunlop et al. (medRxiv 2021),https://www.medrxiv.org/content/10.1101/2021.08.03.21261494v1,doi,10.1101/2021.08.03.21261494,,PPR,"Mapping genetic determinants of 184 circulating proteins in 26,494 individuals to connect proteins and diseases","{'publisher': 'medRxiv', 'yearOfPublication': 2021}",2021,resolved,
88,Carland et al. (Clin. Proteom. 2023),https://clinicalproteomicsjournal.biomedcentral.com/articles/10.1186/s12014-023-09421-0,doi,10.1186/s12014-023-09421-0,37550624,MED,Proteomic analysis of 92 circulating proteins and their effects in cardiometabolic diseases.,Clin Proteomics,2023,resolved,
89,"Gilly et al. (Molecular Metabolism, 2023)",https://doi.org/10.1016/j.molmet.2023.101810,doi,10.1016/j.molmet.2023.101810,37778719,MED,Genome-wide meta-analysis of 92 cardiometabolic protein serum levels.,Mol Metab,2023,resolved,
90,"Said et al. (MedRxiv, 2023)",https://www.medrxiv.org/content/10.1101/2023.11.13.23298365v1,doi,10.1101/2023.11.13.23298365,,PPR,Ancestry diversity in the genetic determinants of the human plasma proteome enhances identification of potential drug targets,"{'publisher': 'medRxiv', 'yearOfPublication': 2023}",2023,resolved,
91,Suhre (Cell Genomics 2024),https://www.cell.com/cell-genomics/fulltext/S2666-979X(24)00033-8,verified-manual,10.1016/j.xgen.2024.100506,38412862,MED,Genetic associations with ratios between protein levels detect new pQTLs and reveal protein-protein interactions.,Cell Genomics,2024,resolved,
92,Kalnapenkis et al. (Scientific Reports 2024),https://www.nature.com/articles/s41598-024-57966-3,doi,10.1038/s41598-024-57966-3,38565889,MED,Genetic determinants of plasma protein levels in the Estonian population.,Sci Rep,2024,resolved,
93,Fang et al. medRxiv 2025,https://www.medrxiv.org/content/10.1101/2025.01.10.25320181v1,doi,10.1101/2025.01.10.25320181,,PPR,Regulation of protein abundance in normal human tissues,"{'publisher': 'medRxiv', 'yearOfPublication': 2025}",2025,resolved,
