pmid,doi,year,journal,source,title,authors,abstract,score
,10.1101/2024.07.30.24311254,2024,PPR,PPR,Pleiotropic and sex-specific genetic architecture of circulating metabolic markers,"van der Meer D, Rahman Z, Ottas A, Parekh P, Kutrolli G, Stinson S, Koromina M, Rokicki J, Sonderby I, Parker N, Tesfaye M, Hindley G, Rodevand L, Koch E, Steen","<h4>Background: </h4> Metabolites in plasma form biosignatures of a range of common complex human diseases. Mapping the genetic architecture and discovering variants with pleiotropic effects across metabolites can reveal underlying mechanisms and potential targets for personalized interventions. <h4>Methods:</h4> We performed univariate and multivariate genome-wide association studies (GWAS) on the Nightingale panel of 249 circulating plasma metabolic markers, across 207,836 White British UK Biobank participants (mean age 57.4 years, 53.7% female), with replication conducted across 27,509 UK B",9
40118068,10.1016/j.xgen.2025.100810,2025,Cell genomics,MED,Cross-ancestry analyses of Chinese and European populations reveal insights into the genetic architecture and disease implication of metabolites.,"Lin C, Xia M, Dai Y, Huang Q, Sun Z, Zhang G, Luo R, Peng Q, Li J, Wang X, Lin H, Gao X, Tang H, Shen X, Wang S, Jin L, Hao X, Zheng Y.","Differential susceptibilities to various diseases and corresponding metabolite variations have been documented across diverse ethnic populations, but the genetic determinants of these disparities remain unclear. Here, we performed large-scale genome-wide association studies of 171 directly quantifiable metabolites from a nuclear magnetic resonance-based metabolomics platform in 10,792 Han Chinese individuals. We identified 15 variant-metabolite associations, eight of which were successfully replicated in an independent Chinese population (n = 4,480). By cross-ancestry meta-analysis integrating",8
40973927,10.1038/s41467-025-62126-w,2025,Nature communications,MED,"Genetic architecture of plasma metabolome in 254,825 individuals.","Qiang YX, Wang YX, He XY, Deng YT, Ge YJ, Wu BS, Jia Y, Feng JF, Cheng W, Yu JT.","Circulating metabolites are crucial to biological processes underlying health and diseases, yet their genetic determinants remain incompletely understood. Here, we investigate the genetic architecture of nuclear magnetic resonance-based metabolomics, analyzing 249 metabolic measures and 64 biologically plausible ratios in 254,825 participants. We conduct a genome-wide association study (GWAS) identifying 24,438 independent variant-metabolite associations across 427 loci, with effect sizes highly concordant with 19 previous studies. Fine-mapping pinpoints 3610 putative causal associations, 785 ",8
,10.1101/2025.08.04.667775,2025,PPR,PPR,Metabolomics Ex/GWAS in the Amish reveals novel insights into cardiometabolic disease pathways,"Jallow MW, Tzoneva G, Ye B, Backman J, Zavala VA, Sosina O, Kapoor M, Verweij N, Landheer K, Geraghty B, Herman J, Marchini J, Locke A, Bovijn J, Nielsen J, Lot","<h4>ABSTRACT</h4> We conducted an exome and genome-wide association study (Ex/GWAS) of 1,015 metabolites in serum samples from 5,981 Amish adults. We identified 149 functional or likely functional genetic variants, based on CADD scores significantly associated ( P < 5.8 x 10 -8 ) with 519 metabolite levels, 69 of which were >10-fold enriched in the Amish versus Europeans in gnomAD. We discovered novel associations involving a PCK2 splice-donor variant (rs138881435) and metabolites important for energy metabolism and mitochondrial function. In UK Biobank participants, this variant was associate",8
,10.64898/2025.12.03.25341540,2025,PPR,PPR,Genetic Architecture of Circulating Metabolic Biomarkers Across Ancestral Populations,"Takeuchi Y, Koido M, He Y, Nakamura S, Liu X, Itokawa N, Tsuru H, Sagiya Y, Nagai A, Morisaki T, Matsuda K, Kamatani Y.","Circulating metabolite levels hold promise for disease risk prediction, yet the genetic architecture and cross-ancestry transferability remain incompletely characterized. Here, we conducted the largest genome-wide association study in East Asians to date, quantifying 248 blood metabolic biomarkers using nuclear magnetic resonance spectroscopy in 37,969 Japanese individuals. We identified eight novel associations and pinpointed rs75326924, causing CD36 deficiency, as a putative causal variant influencing average diameter for low-density lipoprotein particles. A cross-ancestry meta-analysis of 6",8
39389015,10.1016/j.xgen.2024.100657,2024,Cell genomics,MED,Genome-wide association study of maternal plasma metabolites during pregnancy.,"Liu S, Yao J, Lin L, Lan X, Wu L, He X, Kong N, Li Y, Deng Y, Xie J, Zhu H, Wu X, Li Z, Xiong L, Wang Y, Ren J, Qiu X, Zhao W, Gao Y, Chen Y, Su F, Zhou Y, Rao ","Metabolites are key indicators of health and therapeutic targets, but their genetic underpinnings during pregnancy-a critical period for human reproduction-are largely unexplored. Using genetic data from non-invasive prenatal testing, we performed a genome-wide association study on 84 metabolites, including 37 amino acids, 24 elements, 13 hormones, and 10 vitamins, involving 34,394 pregnant Chinese women, with sample sizes ranging from 6,394 to 13,392 for specific metabolites. We identified 53 metabolite-gene associations, 23 of which are novel. Significant differences in genetic effects betwe",7
,10.1101/2024.06.25.600593,2024,PPR,PPR,Meta-Analysis of Urinary Metabolite GWAS Studies Identifies Three Novel Genome-Wide Significant Loci,"Zaki JK, Tomasik J, McCune J, Scherman O, Bahn S.","Genome-wide association studies (GWAS) have substantially enhanced the understanding of genetic influences on phenotypic outcomes; however, realizing their full potential requires an aggregate analysis of numerous studies. Here we represent the first comprehensive meta-analysis of urinary metabolite GWAS studies, aiming to consolidate existing data on metabolite-SNP associations, evaluate consistency across studies, and unravel novel genetic links. Following an extensive literature review and data collection through the EMBL-EBI GWAS Catalog, PubMed, and metabolomix.com, we employed a sample s",7
,10.1101/2024.12.04.24318368,2024,PPR,PPR,Genome-wide Association Study of Complex Lipid Species: Results from the Population-based Rhineland Study,"Landstra EN, Imtiaz MA, Talevi V, Eichelmann F, Schulze MB, Aziz NA, Breteler MM.","The human lipidome comprises numerous complex lipids, dysregulation of which can contribute to the pathogenesis of a wide range of diseases. Despite the high heritability of parts of the lipidome, the genetic architecture of many circulating lipid species and their structure remains mostly unknown. Thus, we performed genome-wide association studies on 970 lipid species and 267 fatty acid composite measures using samples from the population-based Rhineland Study (n=6,096). We validated our findings using corresponding data from two other independent cohorts, including FinnGen (n=7,266) and EPIC",7
,10.1101/2024.11.11.24317110,2024,PPR,PPR,"Genome-wide association studies and multi-omics integrative analysis reveal novel loci and their molecular mechanisms for circulating polyunsaturated, monounsaturated, and saturated fatty acids","Sun Y, Xu H, Ye K.","Previous genome-wide association studies (GWAS) have identified genetic loci associated with the circulating levels of FAs, but the biological mechanisms of these genetic associations remain largely unexplored. Here, we conducted GWAS to identify additional genetic loci for 19 circulating fatty acid (FA) traits in UK Biobank participants of European ancestry (N = 239,268) and five other ancestries (N = 508 – 4,663). We leveraged the GWAS findings to characterize genetic correlations and colocalized regions among FAs, explore sex differences, examine FA loci influenced by lipoprotein metabolism",7
39556006,10.1002/epi4.13101,2025,Epilepsia open,MED,Cerebrospinal fluid metabolites as potential biomarkers for epilepsy: Insights from genome-wide association studies.,"Zhao Z, Xing N, Hou L.","<h4>Objectives</h4>While metabolic imbalances have been observed in individuals with epilepsy, the direct involvement of specific metabolites in the development of the condition remains underexplored. A comprehensive analysis of the causality between cerebrospinal fluid metabolites (CSF) and epilepsy is pivotal in discovering innovative therapeutic interventions and prophylactic approaches.<h4>Methods</h4>Summary data from genome-wide association studies (GWAS) of CSF metabolites and epilepsy subtypes were obtained separately. A total of 338 CSF metabolites were investigated as exposures, and ",7
39644095,10.1016/j.xhgg.2024.100390,2025,HGG advances,MED,Genome-wide association study reveals shared and distinct genetic architecture of fatty acids and oxylipins in the Hispanic Community Health Study/Study of Latinos.,"Downie CG, Highland HM, Alotaibi M, Welch BM, Howard AG, Cheng S, Miller N, Jain M, Kaplan RC, Lilly AG, Long T, Sofer T, Thyagarajan B, Yu B, North KE, Avery C","Bioactive fatty acid-derived oxylipin molecules play key roles mediating inflammation and oxidative stress. Circulating levels of fatty acids and oxylipins are influenced by environmental and genetic factors; characterizing the genetic architecture of bioactive lipids could yield new insights into underlying biology. We performed a genome-wide association study (GWAS) of 81 fatty acids and oxylipins in 11,584 Hispanic Community Health Study/Study of Latinos (HCHS/SOL) participants with genetic and lipidomic data measured at study baseline (58.6% female, mean age = 46.1 years (standard deviatio",7
40545721,10.1016/j.xhgg.2025.100470,2025,HGG advances,MED,GWAS and multi-omics integrative analysis reveal novel loci and their molecular mechanisms for circulating fatty acids.,"Sun Y, Xu H, Ye K.","Previous genome-wide association studies (GWAS) have identified genetic loci associated with the circulating levels of fatty acids (FAs), but the biological mechanisms of these genetic associations remain largely unexplored. Here, we conducted GWAS to identify additional genetic loci for 19 circulating FA traits in UK Biobank participants of European ancestry (n = 239,268) and five other ancestries (n = 508-4,663). We leveraged the GWAS findings to characterize genetic correlations and colocalized regions among FAs, explore sex differences, examine FA loci influenced by lipoprotein metabolism,",7
41295283,10.3390/metabo15110697,2025,Metabolites,MED,Metabolite Genome-Wide Association in Hispanics with Obesity Reveals Genetic Risk and Interactions with Dietary Factors for Type 2 Diabetes.,"Lai CQ, Parnell LD, Li Z, Noel SE, Bhupathiraju SN, Tucker KL, Ordovás JM.","<h4>Background</h4>Obesity is a leading cause of type 2 diabetes (T2D), with particularly high prevalence in Hispanic populations residing in the USA. However, how genetic variation influences obesity-related blood metabolite levels which, in turn, contribute to T2D progression, is not well understood. Our goal was to identify and understand genetic and dietary connections between obesity and T2D in a Hispanic cohort of older adults.<h4>Materials and methods</h4>We conducted a genome-wide association study on 13 specific metabolites previously associated with T2D and characteristic of individu",7
41024449,10.1002/oby.70045,2025,"Obesity (Silver Spring, Md.)",MED,Genetic Determinants of Fatty Acid Composition in Subcutaneous and Visceral Adipose Tissue.,"Ahmed A, Naz A, Thanaj M, Sorokin EP, Whitcher B, Bell JD, Thomas EL, Cule M, Yaghootkar H.","<h4>Objective</h4>Fatty acids in adipose tissue are key structural and metabolic regulators of cardiometabolic health, but the genetic architecture governing depot-specific composition in subcutaneous (SAT) and visceral adipose tissue (VAT) is not well defined.<h4>Methods</h4>We used MRI-derived estimates of fatty acid composition in SAT and VAT from 33,583 UK Biobank participants to perform genome-wide association studies. Functional annotation, fine mapping, colocalization, and expression QTL analyses were conducted to prioritize likely causal variants and explore mechanisms.<h4>Results</h4>",7
40595242,10.1038/s41598-025-07518-0,2025,Scientific reports,MED,Meta-analysis of urinary metabolite GWAS studies identifies novel genome-wide significant loci.,"Zaki JK, Tomasik J, McCune JA, Scherman OA, Bahn S.","Genome-wide association studies (GWAS) have substantially enhanced the understanding of genetic influences on phenotypic outcomes; however, realizing their full potential requires an aggregate analysis of numerous studies. Here we represent the first comprehensive meta-analysis of urinary metabolite GWAS studies, aiming to consolidate existing data on metabolite-SNP associations, evaluate consistency across studies, and unravel novel genetic links. Following an extensive literature review and data collection through the EMBL-EBI GWAS Catalog, PubMed, and metabolomix.com, we employed a sample s",7
42069741,10.1038/s41467-026-72542-1,2026,Nature communications,MED,Population-based genome-wide association study of plasma complex lipid species.,"Landstra EN, Imtiaz MA, Talevi V, Eichelmann F, Schulze MB, Aziz NA, Breteler MMB.","The human lipidome comprises numerous complex lipids, dysregulation of which can contribute to the pathogenesis of a wide range of diseases. Despite the high heritability of parts of the lipidome, the genetic architecture of many circulating lipid species and their structure remains mostly unknown. Thus, we perform genome-wide association studies on 970 lipid species and 267 fatty acid composite measures using samples from the population-based Rhineland Study (n = 6096). We validate our findings using corresponding data from two other independent cohorts, including FinnGen (n = 7266) and EPIC-",7
39528826,10.1038/s41588-024-01973-7,2024,Nature genetics,MED,Genetic architecture of cerebrospinal fluid and brain metabolite levels and the genetic colocalization of metabolites with human traits.,"Wang C, Yang C, Western D, Ali M, Wang Y, Phuah CL, Budde J, Wang L, Gorijala P, Timsina J, Ruiz A, Pastor P, Fernandez MV, Dominantly Inherited Alzheimer Netwo","Brain metabolism perturbation can contribute to traits and diseases. We conducted a genome-wide association study for cerebrospinal fluid (CSF) and brain metabolite levels, identifying 205 independent associations (47.3% new signals, containing 11 new loci) for 139 CSF metabolites, and 32 independent associations (43.8% new signals, containing 4 new loci) for 31 brain metabolites. Of these, 96.9% (CSF) and 71.4% (brain) of the new signals belonged to previously analyzed metabolites in blood or urine. We integrated the metabolite quantitative trait loci (MQTLs) with 23 neurological, psychiatric",6
,10.22541/au.173046800.03170735/v1,2024,PPR,PPR,Genome-wide association analysis provides insights into the regulatory mechanism of ω-3 fatty acids in oysters,"Li Q, Cong R, Wang C, Wang W, Zhang G, QI H, LI L.","As climate change impacts marine ecosystems, the production of ω-3 polyunsaturated fatty acids (PUFAs) is significantly declining. To enhance ω-3 PUFA production through genetic approaches, understanding the regulatory mechanisms is essential. Oysters, as representative bivalves, exhibit high levels of PUFAs. Two closely related species, Crassostrea gigas (adapted to cold climates) and Crassostrea angulata (adapted to warm climates), provide an opportunity to investigate the genetic and environmental effects of climate change on oysters and explore the regulatory mechanisms underlying ω-3 fatt",6
40972578,10.1016/j.ajhg.2025.08.022,2025,American journal of human genetics,MED,Genetic architecture and analysis practices of circulating metabolites in the NHLBI Trans-Omics for Precision Medicine Program.,"Wang N, Ockerman FP, Zhou LY, Grove ML, Alkis T, Barnard J, Bowler RP, Clish CB, Chung S, Drzymalla E, Evans AM, Franceschini N, Gerszten RE, Gillman MG, Hutton","Circulating metabolite levels partly reflect the state of human health and diseases and can be impacted by genetic determinants. Hundreds of loci associated with circulating metabolites have been identified; however, most findings focus on predominantly European ancestry or single-study analyses. Leveraging the rich metabolomics resources generated by the National Heart, Lung, and Blood Institute (NHLBI) Trans-Omics for Precision Medicine (TOPMed) Program, we harmonized and accessibly cataloged 1,729 circulating metabolites among 25,058 ancestrally diverse samples. From our comparison of multi",6
39972264,10.1186/s12864-025-11344-z,2025,BMC genomics,MED,Genome-wide association study of fat content and fatty acid composition of shea tree (Vitellaria paradoxa C.F. Gaertn subsp. paradoxa).,"Attikora AJP, Kouassi KA, Yao SDM, Dago DN, Silué S, De Clerck C, Diarrassouba N, Alabi T, Achigan-Dako EG, Fauconnier ML, Danthine S, Lassois L.","<h4>Background</h4>Fat content (FC) and fatty acids (FA) are the most important traits in shea tree breeding, controlled by several genes with relatively small effects. Therefore, determining the genes involved in the biosynthesis of such traits is crucial for improving oil quantity and quality and for the domestication process of the species. To identify the quantitative trait nucleotides (QTNs) controlling FC and FA, we conducted a multi-locus genome-wide association study (GWAS) using six multi-locus GWAS methods for FC and FA in 122 superior shea trees (SSTs). SSTs were genotyped using DAr",6
,10.21203/rs.3.rs-5590960/v1,2025,PPR,PPR,Simulating Metabolic Pathways to Enhance Interpretations of Metabolome Genome-Wide Association Studies,"Kodate S, Sato M, Hishinuma E, Kojima K, Motoike IN, Study Group TST, Koshiba S, Yamamoto M, Yamada KD, Kinoshita K.","<title>Abstract</title> <p>Advancements in large-scale analysis of metabolites in human peripheral blood samples revealed the links between metabolite concentrations and genetic variations. This field is known as metabolome-genome-wide association study (MGWAS). Although MGWAS is a powerful tool, it has some limitations, particularly in terms of the number of metabolites that can be measured. Whether the observed associations are directly due to genetic variation or indirectly due to changes in unmeasured metabolites is unclear. To address this, we used simulations of metabolic pathway models ",6
40215300,10.1126/sciadv.adp4532,2025,Science advances,MED,On the analysis of metabolite quantitative trait loci: Impact of different data transformations and study designs.,"Lee S, Kelly RS, Mendez KM, Prokopenko D, Hahn G, Lutz SM, Celedón JC, Clish CB, Weiss ST, Lange C, Lasky-Su JA, Hecker J, NHLBI Trans-Omics for Precision Medic","Metabolomic genome-wide association studies (mGWASs), or metabolomic quantitative trait locus (metQTL) analyses, are gaining growing attention. However, robust methods and analysis guidelines, vital to address the complexity of metabolomic data, remain to be established. Here, we use whole-genome sequencing and metabolomic data from two independent studies to compare different approaches. We adopted three popular data transformation methods for metabolite levels-(i) log<sub>10</sub> transformation, (ii) rank inverse normal transformation, and (iii) a fully adjusted two-step procedure-and compa",6
40379784,10.1038/s41598-025-01634-7,2025,Scientific reports,MED,Simulating metabolic pathways to enhance interpretations of metabolome genome-wide association studies.,"Kodate S, Sato M, Hishinuma E, Kojima K, Motoike IN, ToMMo Study Group, Koshiba S, Yamamoto M, Yamada KD, Kinoshita K.","Advancements in large-scale analysis of metabolites in human peripheral blood samples revealed the links between metabolite concentrations and genetic variations. This field is known as metabolome-genome-wide association study (MGWAS). Although MGWAS is a powerful tool, it has some limitations, particularly in terms of the number of metabolites that can be measured. Whether the observed associations are directly due to genetic variation or indirectly due to changes in unmeasured metabolites is unclear. To address this, we used simulations of metabolic pathway models to investigate the influenc",6
40113840,10.1038/s41598-025-93415-5,2025,Scientific reports,MED,Genome-wide associations of sweetpotato metabolites enhance genomic prediction and identify genes in metabolic and regulatory pathways.,"Rickman TE, Adams AK, Wadl PA, Yencho GC, Olukolu BA.","Global sweetpotato production is increasing due to its health benefits, including high levels of complex carbohydrates and bioactive compounds. To explore the genetic basis of carbohydrates and carotenoids, we conducted a genome-wide association study (GWAS) using diverse sweetpotato accessions, two decades of phenotypic data, and 252,975 dosage-based SNPs and INDELs. Our findings confirmed a negative correlation between dry matter and β-carotene and identified interconnected metabolic pathways regulating multiple traits. Notably, phytoene synthase, involved in carotene biosynthesis, was assoc",6
39694057,10.1055/a-2504-0903,2025,Thrombosis and haemostasis,MED,Long-Chain Polysaturated Fatty Acid in Atrial Fibrillation-Associated Stroke: Lipidomic-GWAS Study.,"Jung Y, Kim B, Kim CK, Won HH, Chae SH, Oh K, Shin MJ, Hwang GS, Seo WK.","This study aimed to explore the relationship between lipidomic domains, particularly free fatty acids (FFAs), and the presence of atrial fibrillation (AF) in patients with acute stroke, and to identify mechanisms of AF-associated stroke through genetic studies.A total of 483 stroke patients without AF (<i>n</i> = 391) and with AF (<i>n</i> = 92) were selected from a prospectively collected stroke registry. Lipidomic profiling was conducted, and the lipid components associated with AF were explored using fold-change analyses and clustering. Genotyping was conducted through trait comparison. Col",6
41067896,10.12200/j.issn.1003-0034.20241216,2025,Zhongguo gu shang = China journal of orthopaedics and traumatology,MED,[Integrating genomics and metabolomics to reveal the genetic basis and potential therapeutic targets of diabetic foot].,"Zhang Y, Chen C, Li ZD, Zhou HC, Li B, Yang YF.","<h4>Objective</h4>To screen out the key metabolites related to diabetic foot (DF) by integrating genome-wide association studies (GWAS) and metabolome genome-wide association studies (mGWAS).<h4>Methods</h4>The literature databases such as PubMed and China national knowledge infrastructure(CNKI), as well as genomics databases such as PAN UKBB, FinnGen, and IEU Open GWAS were systematically retrieved from database estobilishment to November 2024 on DF-related single nucleotide polymorphisms and genome-wide association studies. DF-single nucleotide polymorphism-metabolite network was constructed",6
41938174,10.1002/mco2.70718,2026,MedComm,MED,Identification of Blood Pressure-Associated Metabolites by Integrating Metabolomic and Genetic Analysis.,"Liu Y, Cheng C, Pan XF, Shao W, Zhou D, Zhu Y.",This study aimed to identify blood pressure-associated metabolites and explore their underlying pathways using multiomics data from 1188 Chinese participants. Serum metabolite levels were profiled using untargeted and widely targeted metabolomic technologies. The associations of metabolites as well as ratios with blood pressure were assessed using generalized linear models (GLM). Targeted metabolomics was used to replicate a subset of metabolites. Genome-wide association studies (GWAS) were performed on all metabolites identified. Potential causality was examined using two-sample Mendelian ran,6
42162431,10.1038/s41586-026-10532-5,2026,Nature,MED,"Genetic analysis of circulating metabolic traits in 619,372 individuals.","Tambets R, Jesse M, Kronberg J, van der Graaf A, Abner E, Võsa U, Rahu I, Taba N, Kolde A, Yarish D, Abdullayeva S, Alekseienko A, Veidenberg A, Estonian Bioban","Interpreting the association of genetic variants with complex traits can be improved by gaining a greater understanding of the molecular consequences of these variants. Although genome-wide association studies (GWAS) for complex diseases routinely profile over one million individuals<sup>1-5</sup>, studies of molecular traits have lagged behind. Here we performed a GWAS meta-analysis for 249 circulating metabolic traits in the Estonian Biobank and the UK Biobank in up to 619,372 individuals. We identified 88,127 common and low-frequency locus-trait associations from 8,398 loci that converged o",6
38648753,10.1093/jnci/djae089,2024,Journal of the National Cancer Institute,MED,Systematic investigation of genetically determined plasma and urinary metabolites to discover potential interventional targets for colorectal cancer.,"Sun J, Zhao J, Zhou S, Li X, Li T, Wang L, Yuan S, Chen D, Law PJ, Larsson SC, Farrington SM, Houlston RS, Dunlop MG, Theodoratou E, Li X.","<h4>Background</h4>We aimed to identify plasma and urinary metabolites related to colorectal cancer (CRC) risk and elucidate their mediator role in the associations between modifiable risk factors and CRC.<h4>Methods</h4>Metabolite quantitative trait loci were derived from 2 published metabolomics genome-wide association studies, and summary-level data were extracted for 651 plasma metabolites and 208 urinary metabolites. Genetic associations with CRC were obtained from a large-scale genome-wide association study meta-analysis (100 204 cases, 154 587 controls) and the FinnGen cohort (4957 case",5
,10.21203/rs.3.rs-7723851/v1,2025,PPR,PPR,Ancestry-specific genetic effects on urinary 6-sulfatoxymelatonin: a multi-ancestry GWAS meta-analysis,"Żebrowska M, Zhang Z, Chuang G, Evans DS, Valliere J, Maher M, Hu J, Richmond R, Turman C, Hart JE, Lane J, Marchand LL, Wilkens L, Wielscher M, Haiman C, Cheng","<title>Abstract</title> <p>Melatonin regulates circadian rhythms, metabolism, and immunity. Its primary metabolite, 6-sulfatoxymelatonin (aMT6s), is a biomarker linked to cancer risk and metabolic disorders. However, genetic determinants of aMT6s remain poorly understood, with only one prior GWAS limited to an East Asian cohort. We conducted the first multi-ancestry genome-wide association meta-analysis of urinary aMT6s, integrating 11,744 participants from five cohorts: East Asians (Taiwan Biobank), European women (Nurses’ Health Studies), European men (MrOS), and multiethnic participants (ME",5
42020658,10.1038/s41598-026-49491-2,2026,Scientific reports,MED,Multi ancestry genome wide association meta analysis of urinary aMT6s levels.,"Żebrowska M, Zhang Z, Chuang GT, Evans DS, Valliere J, Maher M, Hu J, Richmond R, Turman C, Hart JE, Lane J, Marchand LL, Wilkens L, Wielscher M, Haiman C, Chen","Melatonin regulates circadian rhythms, metabolism, and immunity. Its primary metabolite, 6-sulfatoxymelatonin (aMT6s), is a biomarker linked to cancer risk and metabolic disorders. However, genetic determinants of aMT6s remain poorly understood, with only one prior GWAS limited to an East Asian cohort. We conducted the first multi-ancestry genome-wide association meta-analysis of urinary aMT6s, integrating 11,744 participants from five cohorts: East Asians (Taiwan Biobank), European women (Nurses' Health Studies), European men (MrOS), and multiethnic participants (MEC). aMT6s was measured from",5
39073618,10.1007/s00403-024-03217-4,2024,Archives of dermatological research,MED,Assessing the genetic associations between plasma lipidomic profiles and psoriasis vulgaris.,"Zhang M, Yu S.","Several studies have indicated a potential causal relationship between plasma standard lipids, such as high-density lipoprotein-cholesterol (HDL-C), low-density lipoprotein-cholesterol (LDL-C), triglycerides (TG), and total cholesterol (TC), and psoriasis. However, few studies have offered causal evidence of lipid species beyond these standard lipids. We conducted an analysis using a genome-wide association study (GWAS) dataset comprising 179 lipid species, including 13 types across four major categories, to identify instrumental variables (IVs) associated with plasma lipids. We utilized two G",4
41236724,10.1002/alz.70898,2025,Alzheimer's & dementia : the journal of the Alzheimer's Association,MED,"Genetic regulation of the metabolome differs by sex, Alzheimer's disease stage, and plasma biomarker status.","Eissman JM, Qiao M, Kalia V, Zerlin-Esteves M, Reyes-Dumeyer D, Piriz A, Dubey S, Nandakumar R, Lee AJ, Lantigua RA, Medrano M, Mejia DR, Honig LS, Dalgard CL, ","<h4>Introduction</h4>We investigated genetic regulators of circulating plasma metabolites to identify pathways underlying biochemical changes in clinical and biomarker-supported Alzheimer's disease (AD).<h4>Methods</h4>We computed metabolite quantitative trait loci (QTL) with whole-genome sequencing (WGS) and small molecule plasma metabolites from 229 older adults with clinical AD and 322 age-matched healthy controls. Unbiased associations between 6881 metabolites and 332,772 common genetic variants were tested, adjusted for age, sex, and both metabolomic and genomic principal components.<h4>R",4
39837327,10.1016/j.xgen.2024.100743,2025,Cell genomics,MED,Genetic mapping of serum metabolome to chronic diseases among Han Chinese.,"Cheng C, Xu F, Pan XF, Wang C, Fan J, Yang Y, Liu Y, Sun L, Liu X, Xu Y, Zhou Y, Xiao C, Gou W, Miao Z, Yuan J, Shen L, Fu Y, Sun X, Zhu Y, Chen Y, Pan A, Zhou ","Serum metabolites are potential regulators for chronic diseases. To explore the genetic regulation of metabolites and their roles in chronic diseases, we quantified 2,759 serum metabolites and performed genome-wide association studies (GWASs) among Han Chinese individuals. We identified 184 study-wide significant (p < 1.81 × 10<sup>-11</sup>) metabolite quantitative trait loci (metaboQTLs), 88.59% (163) of which were novel. Notably, we identified Asian-ancestry-specific metaboQTLs, including the SNP rs2296651 for taurocholic acid and taurochenodesoxycholic acid. Leveraging the GWAS for 37 clin",4
40220762,10.1016/j.xgen.2025.100847,2025,Cell genomics,MED,Improved genetic discovery and fine-mapping resolution through multivariate latent factor analysis of high-dimensional traits.,"Zhou F, Astle WJ, Butterworth AS, Asimit JL.","Genome-wide association studies (GWASs) of high-dimensional traits, such as blood cell or metabolic traits, often use univariate approaches, ignoring trait relationships. Biological mechanisms generating variation in high-dimensional traits can be captured parsimoniously through a GWAS of latent factors. Here, we introduce flashfmZero, a zero-correlation latent-factor-based multi-trait fine-mapping approach. In an application to 25 latent factors derived from 99 blood cell traits in the INTERVAL cohort, we show that latent factor GWASs enable the detection of signals generating sub-threshold a",4
40865610,10.1016/j.jlr.2025.100890,2025,Journal of lipid research,MED,Widespread but moderate genetic overlap between circulating polyunsaturated fatty acids and brain disorders.,"Xu H, Sun Y, Francis M, Cheng CF, Modulla NTR, Brenna JT, Chiang CWK, Ye K.","Polyunsaturated fatty acids (PUFAs) are indispensable for proper neuronal function. PUFA deficiency and imbalance have been linked to various brain disorders, including major depressive disorder (MDD) and anxiety. However, the effects of PUFAs on brain disorders remain inconclusive, and the extent of their shared genetic determinants is largely unknown. We utilized genome-wide association summary statistics from six phenotypes of circulating PUFAs (N = 114,999) and 20 brain disorders (N = 9,725-762,917). We performed genome-wide analysis for each of the 120 trait pairs. We evaluated the correl",4
41417750,10.1371/journal.pdig.0001125,2025,PLOS digital health,MED,Towards precision psychiatry: Metabolomics identifies three biological subtypes of depression.,"Ma S, Nie Z, Zhang M, Mei J, Zhou E, Hu Z, Lv H, Gong Q, Wang G, Wang H, Du B, Yang J, Liu Z.","Depression is clinically and biologically heterogeneous, mandating classification strategies for personalized medicine. This study explored depression subtypes using metabolomics data from the UK Biobank and validated the subtypes in the Whitehall II cohort. The five-step analysis included: (1) identification of distinct subtypes using non-negative matrix factorization (NMF) and four machine learning algorithms; (2) genome-wide association studies (GWAS) to examine associations across subtypes and controls; (3) comparison of clinical characteristics across subtypes; (4) development of 24 subty",4
40240424,10.1038/s41598-025-94839-9,2025,Scientific reports,MED,Plasma metabolomic signatures for copy number variants and COVID-19 risk loci in Northern Finland populations.,"De T, Coin L, Herberg J, Johnson MR, Järvelin MR.","Copy number variants (CNVs) are an important class of genomic variation known to be important for human physiology and diseases. Here we present genome-wide metabolomic signatures for CNVs in two Finnish cohorts-The Northern Finland Birth Cohort 1966 (NFBC 1966) and NFBC 1986. We have analysed and reported CNVs in over 9,300 individuals and characterised their dosage effect (CNV-metabolomic QTL) on 228 plasma lipoproteins and metabolites. We have reported reference (normal physiology) metabolomic signatures for up to ~ 2.6 million COVID-19 GWAS results from the National Institutes of Health (N",4
41705646,10.1111/dom.70565,2026,"Diabetes, obesity & metabolism",MED,Causal role of genetically predicted impairment of branched-chain amino acid catabolism on insulin secretion and insulin resistance in type 2 diabetes.,"Zhou X, Lu J, Wang Z, Cheng KK, Li GH.","<h4>Background</h4>Elevated branched-chain amino acids (BCAAs; leucine, valine, isoleucine) are linked to type 2 diabetes (T2D) risk, characterised by defective insulin secretion in pancreatic β-cell and peripheral insulin resistance. Causative interaction between BCAA metabolism and these two diabetic pathogenesis remains unclear.<h4>Methods</h4>Using publicly available datasets from the European population, we conducted a meta-analysis of genome-wide association studies (GWAS), followed by multi-trait analysis of GWAS (MTAG), to identify genetic loci associated with BCAAs and their catabolit",4
42076915,10.1002/gepi.70040,2026,Genetic epidemiology,MED,Shared and Distinct Genetic Factors Underlying Bile Acid Regulation and Intrahepatic Cholestasis of Pregnancy.,"Zhang X, Li J, Zhu H, Li L, Wang Y, Yang M, Wang L, Lan X, Wang Y, Lin Y, Zeng J, Liu P, Zhou A, Xiao H, Jin X.","Intrahepatic cholestasis of pregnancy (ICP) is a pregnancy-specific liver disorder characterized by elevated total bile acid (TBA) levels, leading to adverse maternal and fetal outcomes. While genetic factors contribute to ICP and bile acid metabolism, the underlying mechanisms remain incompletely understood, particularly in East Asian populations. We conducted a genome-wide association study (GWAS) in 13,357 pregnant women from a Chinese cohort to investigate genetic determinants of TBA levels and ICP. Meta-analysis was performed by combining our data with the Shenzhen cohort. Post-GWAS analy",4
42135028,10.7555/jbr.39.20250530,2026,Journal of biomedical research,MED,Integrative genomic and metabolomic analyses identify novel associations between mQTLs and common diseases in Han Chinese.,"Cai J, Zhang J, Fu Y, Zhu M, Zhu C, Ji C, Jin C, Ma H, Zhu M, Zhang C, Wu L, Du L, Ma H.","While prior metabolomic genome-wide association studies (mGWASs) have identified numerous metabolite quantitative trait loci (mQTLs) in European populations, their characterization in East Asians-particularly Han Chinese-remains limited. Here, we integrated genomic and metabolomic data to systematically map plasma mQTLs in Han Chinese individuals and investigated their associations with common traits and diseases. Genome-wide association study (GWAS) analyses of 846 plasma metabolites were performed in 495 Han Chinese individuals to identify mQTLs. Causal genes with robust evidence were priori",4
41603468,10.1021/acs.jproteome.5c00459,2026,Journal of proteome research,MED,A Multiomic Approach Integrating Genomic and Metabolomic Data Highlights Colorectal Cancer Pathways.,"Iliou A, Chekmeneva E, Pinto RC, Koukouzeli FE, Ntounias Y, Georgakopoulou K, Pouliou M, Agelopoulos M, Tsilidis KK, Gunter MJ, Elliott P, Griffin JL, Dehghan A",Numerous genetic variants have been identified by genome-wide association studies as being associated with colorectal cancer (CRC) risk. Metabolome-wide association analysis was performed for 187 CRC-associated genetic variants using genomic data and untargeted <sup>1</sup>H nuclear magnetic resonance urine metabolomics from 1951 Airwave Health Monitoring Study participants. We identified statistically significant associations between seven CRC single-nucleotide polymorphisms (SNPs) and urinary metabolites. This included SNPs within or close to <i>RHPN2</i> with sucrose (<i>P</i> = 1.2 × 10<su,4
40468989,10.23876/j.krcp.24.135,2026,Kidney research and clinical practice,MED,Integrated genomics and metabolomics to identify cause-specific biomarkers for chronic kidney disease in a Korean population.,"Kang MW, Kim JE, Kang J, Kim S, Park J, Bae S, Kim YS, Choi JY, Cho JY, Han SS.","<h4>Background</h4>The heterogeneity of chronic kidney disease (CKD) and fragmented analysis methods hinder the precise identification of novel biomarkers. We addressed this challenge using two independent cohorts to integrate genomics and metabolomics, aiming to identify cause-specific biomarkers for CKD in the Korean population.<h4>Methods</h4>A longitudinal genome-wide association study using the Cox proportional hazards model was conducted using the Ansan and Ansung cohort. To validate these genomic biomarkers and integrate them with plasma metabolomics biomarkers, we utilized a hospital-b",4
38964323,10.1016/j.cmet.2024.06.007,2024,Cell metabolism,MED,Biological and genetic determinants of glycolysis: Phosphofructokinase isoforms boost energy status of stored red blood cells and transfusion outcomes.,"Nemkov T, Stephenson D, Earley EJ, Keele GR, Hay A, Key A, Haiman ZB, Erickson C, Dzieciatkowska M, Reisz JA, Moore A, Stone M, Deng X, Kleinman S, Spitalnik SL","Mature red blood cells (RBCs) lack mitochondria and thus exclusively rely on glycolysis to generate adenosine triphosphate (ATP) during aging in vivo or storage in blood banks. Here, we leveraged 13,029 volunteers from the Recipient Epidemiology and Donor Evaluation Study to identify associations between end-of-storage levels of glycolytic metabolites and donor age, sex, and ancestry-specific genetic polymorphisms in regions encoding phosphofructokinase 1, platelet (detected in mature RBCs); hexokinase 1 (HK1); and ADP-ribosyl cyclase 1 and 2 (CD38/BST1). Gene-metabolite associations were vali",3
39457388,10.3390/genes15101264,2024,Genes,MED,Metabolomic Changes Associated with AGXT2 Genotype Variants and Stone Formation in a Colony of Cats.,"Hall JA, Brockman JA, Brejda JJ, Jewell DE.","<h4>Objective</h4>The objective of this study was to assess serum chemistries and metabolomic parameters in cats with genetic variants of the alanine-glyoxylate aminotransferase 2 (AGXT2) gene to determine abnormalities associated with urolith formation and better understand effective approaches for the treatment of cats with uroliths.<h4>Methods</h4>AGXT2 genotypes of 445 cats in the colony at Hill's Pet Nutrition, Inc. (Topeka, KS, USA) were assessed in a genome-wide association study. Additionally, the serum chemistries and metabolic profiles of each cat were determined, along with their li",3
39596375,10.3390/ijms252212310,2024,International journal of molecular sciences,MED,Identifying the Shared Metabolite Biomarkers and Potential Intervention Targets for Multiple Sarcopenia-Related Phenotypes.,"Luo J, Li J, Wang W, Zhang R, Zhang D.","The relationship between circulating metabolites and sarcopenia-related phenotypes remains unclear. We explored the causality between circulating metabolites and sarcopenia-related phenotypes. Instrumental variables for the human metabolome were derived from the recently published GWAS, which included 690 plasma metabolites. Summary statistics for four sarcopenia phenotypes (whole-body lean mass (WBLM), usual walking pace, appendicular lean mass (ALM), and handgrip strength (HGS)) (both sexes, males and females) were obtained from relevant GWASs. We used MR to evaluate the association between ",3
40428280,10.3390/diagnostics15101287,2025,"Diagnostics (Basel, Switzerland)",MED,Immune Cells as Mediators of Lipidome Influence on Osteoporosis: Evidence from a Mediation Analysis.,"Xiao J, Zhou W, He J, Zhu Y, Zhang Y, Xiong L.","<b>Background</b>: Although clinical studies have indicated a possible association between dyslipidemia and osteoporosis, the underlying genetic basis and mechanistic pathways remain insufficiently defined. Most prior research has concentrated on conventional lipid markers, which are prone to confounding and limit causal inference. Exploring lipidomic profiles offers a more comprehensive view of lipid metabolism and may reveal novel genetic links beyond traditional lipid traits. Additionally, alterations in immune cell function, often triggered by metabolic disturbances, may contribute to oste",3
41275212,10.1186/s13073-025-01578-7,2025,Genome medicine,MED,Genetic atlas of plasma metabolome across 40 human common diseases: mapping causal metabolites to disease risk.,"Li Y, Cai Y, Ma Q, Yang X, He C, Xu Y, Zhang M, Lu Z, Chen C, Ning C, Liu B, Wei Y, Li X, Jin M, Zhu X, Li B, Zhu Y, Huang C, Miao X, Tian J.","<h4>Background</h4>Metabolites are closely linked to individual health and disease conditions. Identifying genetic factors influencing metabolite levels in specific diseases can enhance our understanding of disease etiology and informing precision medicine. This study aims to characterize the genetic architecture of metabolites in specific disease states and explore their potential biological functions.<h4>Methods</h4>We conducted a comprehensive genome-wide metabolite quantitative trait locus (metQTL) analysis of 249 plasma metabolites across 40 disease states, based on nuclear magnetic reson",3
39852371,10.3390/metabo15010028,2025,Metabolites,MED,DisCo P-ad: Distance-Correlation-Based <i><b>p</b></i>-Value Adjustment Enhances Multiple Testing Corrections for Metabolomics.,"Nandy D, Ghosh D, Kechris K.","<h4>Background</h4>Due to scientific advancements in high-throughput data production technologies, omics studies, such as genomics and metabolomics, often give rise to numerous measurements per sample/subject containing several noisy variables that potentially cloud the true signals relevant to the desired study outcome(s). Therefore, correcting for multiple testing is critical while performing any statistical test of significance to minimize the chances of false or missed discoveries. Such correction practice is commonplace in genome-wide association studies (GWAS) but is also becoming increa",3
40871658,10.3390/nu17162630,2025,Nutrients,MED,"A Genome-Wide Association Study of Circulating Serum Choline, Betaine, Dimethylglycine, and Their Ratios.","Louck LE, Klatt KC, Wallace TC, Ma J, Chung M.","<i>Background/Objectives:</i> Genetic variation has been thought to alter the human dietary requirement for choline and subsequent circulating levels of its metabolites betaine and dimethylglycine (DMG). The aim of this genome-wide association study (GWAS) was to identify single nucleotide polymorphisms (SNPs) associated with serum choline, betaine, and dimethylglycine (DMG) as well as choline-to-betaine and betaine-to-DMG ratios. <i>Methods:</i> Data from the Collaborative Study of Genes, Nutrients and Metabolites (CSGNM; <i>n</i> = 2402) were used to model individual associations of choline,",3
39792658,10.1126/sciadv.adr1725,2025,Science advances,MED,Reduced circulating sphingolipids and &lt;i&gt;CERS2&lt;/i&gt; activity are linked to T2D risk and impaired insulin secretion.,"Khan SR, Ye WW, Van JAD, Singh I, Rabiee Y, Rodricks KL, Zhang X, Nicholson RJ, Razani B, Summers SA, Futerman AH, Gunderson EP, Wheeler MB.","Gestational diabetes mellitus (GDM), a transient form of diabetes that resolves postpartum, is a major risk factor for type 2 diabetes (T2D) in women. While the progression from GDM to T2D is not fully understood, it involves both genetic and environmental components. By integrating clinical, metabolomic, and genome-wide association study (GWAS) data, we identified associations between decreased sphingolipid biosynthesis and future T2D, in part through the <i>rs267738</i> allele of the <i>CERS2</i> gene in Hispanic women shortly after a GDM pregnancy. To understand the impact of the <i>CERS2</",3
41518124,10.1097/mol.0000000000001023,2026,Current opinion in lipidology,MED,Genetic determinants of plasma lipids in Greenlanders.,"Hjerresen J, Jørsboe E, Andersen MK.","<h4>Purpose of review</h4>Greenlanders differ from other populations in terms of traditional lifestyle and genetic architecture. This might have a great impact on lipid levels in the population and the spectrum of genetic variants associated with lipid traits. Here, we review recent advances in lipid genetics in Greenlanders and highlight the potential of moving from single lipid trait analyses to more comprehensive lipidomic profiling.<h4>Recent findings</h4>Genetic association studies in the Greenlandic population have identified variants, including PCSK9 (rs12117661), LDLR (rs730882082), an",3
41974591,10.1111/1753-0407.70225,2026,Journal of diabetes,MED,Genomic Structural Equation Modeling Reveals Cardiovascular-Kidney-Metabolic Syndrome Genetic Architecture.,"Lu C, Li L, Chen J, Chang R, Dong H.","<h4>Background</h4>The genetic basis of cardiovascular-kidney-metabolic syndrome (CKMs) involves complex pleiotropy, necessitating analytical approaches capable of dissecting shared genetic architectures across multiple cardiometabolic traits.<h4>Methods</h4>We employed genomic structural equation modeling (genomic SEM) to integrate summary statistics from six cardiometabolic traits. The model was assessed using standard fit indices. Genome-wide association analyses were performed on 1,862,425 SNPs under stringent quality control measures, with LD Score regression applied to evaluate polygenic",3
41652150,10.1038/s41380-026-03464-z,2026,Molecular psychiatry,MED,A genetic atlas of relationships between circulating metabolites and liability to psychiatric conditions.,"Kiltschewskij DJ, Reay WR, Cairns MJ.","Observational studies have reported alteration of circulating metabolites across several psychiatric conditions, but these studies cannot resolve causal relationships. Emerging evidence suggests a genetic relationship exists between these traits requiring further investigation to identify clinically actionable biology. Here, we used the largest genome-wide association studies available to investigate genetic correlation and causal relationships between 10 psychiatric conditions and 249 circulating metabolites. This revealed 1,100 significantly correlated trait pairings, involving fatty acids, ",3
41478820,10.1016/j.tjpad.2025.100452,2026,The journal of prevention of Alzheimer's disease,MED,Multi-omics integration reveals shared genetic architecture between metabolic markers and gray matter atrophy in Alzheimer's Disease.,"Wang P, Wu X, Sun F, Zhang H, Jiang Y, Wang Q, Ding H, Zhou Y, Liu F, Liu H.","<h4>Background</h4>Alzheimer's disease (AD) is a progressive neurodegenerative disorder characterized by widespread gray matter volume (GMV) reductions. Emerging evidence links glucose and lipid metabolic dysregulation to AD pathophysiology. However, the extent to which AD-related GMV alterations and metabolic traits share a common genetic basis remains poorly understood.<h4>Objectives</h4>To explore the shared genetic architecture between GMV alterations in AD and metabolites related to glucose and lipid metabolism, aiming to provide biological insights into the prevention and treatment of AD",3
